#
# A fatal error has been detected by the Java Runtime Environment:
#
#  EXCEPTION_ACCESS_VIOLATION (0xc0000005) at pc=0x00007ffbb2442db5, pid=19740, tid=12160
#
# JRE version: OpenJDK Runtime Environment Temurin-17.0.7+7 (17.0.7+7) (build 17.0.7+7)
# Java VM: OpenJDK 64-Bit Server VM Temurin-17.0.7+7 (17.0.7+7, mixed mode, sharing, tiered, compressed oops, compressed class ptrs, g1 gc, windows-amd64)
# Problematic frame:
# C  [librdi_filemgmt.dll+0x342db5]
#
# No core dump will be written. Minidumps are not enabled by default on client versions of Windows
#
# If you would like to submit a bug report, please visit:
#   https://github.com/adoptium/adoptium-support/issues
# The crash happened outside the Java Virtual Machine in native code.
# See problematic frame for where to report the bug.
#

---------------  S U M M A R Y ------------

Command Line: -Dsun.java2d.pmoffscreen=false -Dhttps.protocols=TLSv1,TLSv1.1,TLSv1.2 -Dsun.java2d.xrender=false -Dsun.java2d.d3d=false -Dsun.awt.nopixfmt=true -Dsun.java2d.dpiaware=true -Dsun.java2d.uiScale.enabled=false -Dswing.aatext=true -XX:-UsePerfData -Djdk.map.althashing.threshold=512 -XX:StringTableSize=4072 -XX:+UseStringDeduplication -XX:MaxGCPauseMillis=200 -XX:+ParallelRefProcEnabled --add-opens=java.desktop/javax.swing.plaf.synth=ALL-UNNAMED --add-opens=java.base/java.nio=ALL-UNNAMED --add-opens=java.desktop/sun.swing=ALL-UNNAMED --add-opens=java.desktop/javax.swing=ALL-UNNAMED --add-opens=java.desktop/javax.swing.tree=ALL-UNNAMED --add-opens=java.desktop/javax.swing.plaf.basic=ALL-UNNAMED --add-opens=java.desktop/javax.swing.plaf.synth=ALL-UNNAMED --add-opens=java.desktop/javax.swing.plaf.basic=ALL-UNNAMED --add-opens=java.desktop/javax.swing=ALL-UNNAMED --add-opens=java.desktop/javax.swing.tree=ALL-UNNAMED --add-opens=java.desktop/java.awt.event=ALL-UNNAMED --add-exports=java.desktop/javax.swing.plaf.synth=ALL-UNNAMED --add-exports=java.base/java.nio=ALL-UNNAMED --add-exports=java.desktop/sun.swing=ALL-UNNAMED --add-exports=java.desktop/javax.swing=ALL-UNNAMED --add-exports=java.desktop/javax.swing.tree=ALL-UNNAMED --add-exports=java.desktop/javax.swing.plaf.basic=ALL-UNNAMED --add-exports=java.desktop/sun.swing=ALL-UNNAMED --add-exports=java.desktop/sun.swing.table=ALL-UNNAMED --add-exports=java.desktop/sun.swing.plaf.synth=ALL-UNNAMED --add-exports=java.desktop/sun.awt.shell=ALL-UNNAMED --add-exports=java.base/sun.security.action=ALL-UNNAMED --add-exports=java.desktop/sun.font=ALL-UNNAMED -XX:NewSize=80m -XX:MaxNewSize=80m -Xms512m -Xmx4072m -Xss10m 

Host: Intel(R) Core(TM) i7-14700HX, 28 cores, 15G,  Windows 11 , 64 bit Build 22621 (10.0.22621.5415)
Time: Thu Jul 30 10:54:12 2026  Windows 11 , 64 bit Build 22621 (10.0.22621.5415) elapsed time: 1279.496176 seconds (0d 0h 21m 19s)

---------------  T H R E A D  ---------------

Current thread (0x000001c4714cec10):  JavaThread "AWT-EventQueue-0" [_thread_in_native, id=12160, stack(0x0000007e06600000,0x0000007e07000000)]

Stack: [0x0000007e06600000,0x0000007e07000000],  sp=0x0000007e06ffce70,  free space=10227k
Native frames: (J=compiled Java code, j=interpreted, Vv=VM code, C=native code)
C  [librdi_filemgmt.dll+0x342db5]
C  [librdi_filemgmt.dll+0x341605]
C  [librdi_filemgmt.dll+0x35e57f]
C  0x000001c40ee7d621

Java frames: (J=compiled Java code, j=interpreted, Vv=VM code)
j  ui.data.srcscan.srcscani.EditorAssist_createFoldInfoIter(JLjava/lang/String;)J+0
j  ui.j.a.a.ZN(Ljava/lang/String;)J+14
j  ui.j.a.c.a(Ljava/net/URI;)V+26
j  ui.j.a.a.ZK(Ljava/lang/String;)V+8
j  ui.views.W.a.a.ayx(Ljava/lang/String;)V+27
j  ui.views.W.a.a.ldn()V+43
j  ui.views.W.a.h.aPQ()V+20
J 20376 c1 ui.frmwork.z.run()V (15 bytes) @ 0x000001c409abd9fc [0x000001c409abd580+0x000000000000047c]
J 14343 c2 java.awt.EventQueue.dispatchEvent(Ljava/awt/AWTEvent;)V java.desktop@17.0.7 (80 bytes) @ 0x000001c40fa5d23c [0x000001c40fa5c960+0x00000000000008dc]
J 17565 c2 ui.frmwork.a.d.dispatchEvent(Ljava/awt/AWTEvent;)V (42 bytes) @ 0x000001c4104648dc [0x000001c410463c00+0x0000000000000cdc]
J 20731 c2 java.awt.EventDispatchThread.pumpOneEventForFilters(I)V java.desktop@17.0.7 (113 bytes) @ 0x000001c40fc26010 [0x000001c40fc25b20+0x00000000000004f0]
J 22585 c2 java.awt.EventDispatchThread.pumpEventsForFilter(ILjava/awt/Conditional;Ljava/awt/EventFilter;)V java.desktop@17.0.7 (47 bytes) @ 0x000001c410402de8 [0x000001c410402cc0+0x0000000000000128]
j  java.awt.EventDispatchThread.pumpEventsForFilter(Ljava/awt/Conditional;Ljava/awt/EventFilter;)V+4 java.desktop@17.0.7
j  java.awt.WaitDispatchSupport$2.run()V+59 java.desktop@17.0.7
j  java.awt.WaitDispatchSupport$4.run()Ljava/lang/Void;+4 java.desktop@17.0.7
j  java.awt.WaitDispatchSupport$4.run()Ljava/lang/Object;+1 java.desktop@17.0.7
J 19474 c2 java.security.AccessController.doPrivileged(Ljava/security/PrivilegedAction;)Ljava/lang/Object; java.base@17.0.7 (9 bytes) @ 0x000001c41061bfd0 [0x000001c41061bfa0+0x0000000000000030]
j  java.awt.WaitDispatchSupport.enter()Z+260 java.desktop@17.0.7
j  java.awt.Dialog.show()V+225 java.desktop@17.0.7
J 7880 c1 java.awt.Component.setVisible(Z)V java.desktop@17.0.7 (6 bytes) @ 0x000001c4087a3c5c [0x000001c4087a3a60+0x00000000000001fc]
j  java.awt.Window.setVisible(Z)V+2 java.desktop@17.0.7
j  java.awt.Dialog.setVisible(Z)V+2 java.desktop@17.0.7
j  ui.dlg.c.e.setVisible(Z)V+2
j  ui.dlg.c.bq.bCa()V+65
j  ui.dlg.c.bq$c.actionPerformed(Ljava/awt/event/ActionEvent;)V+8
j  ui.dlg.c.bq.eTh()V+422
j  ui.dlg.i.f.Y.bFk()V+374
j  ui.dlg.c.e.actionPerformed(Ljava/awt/event/ActionEvent;)V+44
j  javax.swing.AbstractButton.fireActionPerformed(Ljava/awt/event/ActionEvent;)V+84 java.desktop@17.0.7
j  ui.utils.swing.b.a.fireActionPerformed(Ljava/awt/event/ActionEvent;)V+7
j  javax.swing.AbstractButton$Handler.actionPerformed(Ljava/awt/event/ActionEvent;)V+5 java.desktop@17.0.7
j  javax.swing.DefaultButtonModel.fireActionPerformed(Ljava/awt/event/ActionEvent;)V+34 java.desktop@17.0.7
j  javax.swing.DefaultButtonModel.setPressed(Z)V+117 java.desktop@17.0.7
j  javax.swing.plaf.basic.BasicButtonListener.mouseReleased(Ljava/awt/event/MouseEvent;)V+35 java.desktop@17.0.7
J 21710 c1 java.awt.AWTEventMulticaster.mouseReleased(Ljava/awt/event/MouseEvent;)V java.desktop@17.0.7 (27 bytes) @ 0x000001c409c0b484 [0x000001c409c0b260+0x0000000000000224]
J 21710 c1 java.awt.AWTEventMulticaster.mouseReleased(Ljava/awt/event/MouseEvent;)V java.desktop@17.0.7 (27 bytes) @ 0x000001c409c0b484 [0x000001c409c0b260+0x0000000000000224]
J 15758 c1 java.awt.Component.processMouseEvent(Ljava/awt/event/MouseEvent;)V java.desktop@17.0.7 (100 bytes) @ 0x000001c408cce91c [0x000001c408cce4a0+0x000000000000047c]
J 15761 c1 javax.swing.JComponent.processMouseEvent(Ljava/awt/event/MouseEvent;)V java.desktop@17.0.7 (27 bytes) @ 0x000001c4085a1174 [0x000001c4085a0f60+0x0000000000000214]
J 21340 c2 java.awt.Container.processEvent(Ljava/awt/AWTEvent;)V java.desktop@17.0.7 (22 bytes) @ 0x000001c410860108 [0x000001c41085ff40+0x00000000000001c8]
J 22811 c2 java.awt.Component.dispatchEventImpl(Ljava/awt/AWTEvent;)V java.desktop@17.0.7 (777 bytes) @ 0x000001c410a93f7c [0x000001c410a93740+0x000000000000083c]
J 21544 c2 java.awt.Container.dispatchEventImpl(Ljava/awt/AWTEvent;)V java.desktop@17.0.7 (129 bytes) @ 0x000001c4108bcf38 [0x000001c4108bc9e0+0x0000000000000558]
J 18993 c2 java.awt.LightweightDispatcher.retargetMouseEvent(Ljava/awt/Component;ILjava/awt/event/MouseEvent;)V java.desktop@17.0.7 (372 bytes) @ 0x000001c410152974 [0x000001c410152540+0x0000000000000434]
J 21544 c2 java.awt.Container.dispatchEventImpl(Ljava/awt/AWTEvent;)V java.desktop@17.0.7 (129 bytes) @ 0x000001c4108bd658 [0x000001c4108bc9e0+0x0000000000000c78]
J 16469 c2 java.awt.Window.dispatchEventImpl(Ljava/awt/AWTEvent;)V java.desktop@17.0.7 (23 bytes) @ 0x000001c41030736c [0x000001c410307320+0x000000000000004c]
J 15271 c2 java.awt.EventQueue$4.run()Ljava/lang/Object; java.desktop@17.0.7 (5 bytes) @ 0x000001c4101600c8 [0x000001c41015fcc0+0x0000000000000408]
J 14343 c2 java.awt.EventQueue.dispatchEvent(Ljava/awt/AWTEvent;)V java.desktop@17.0.7 (80 bytes) @ 0x000001c40fa5cd9c [0x000001c40fa5c960+0x000000000000043c]
J 17565 c2 ui.frmwork.a.d.dispatchEvent(Ljava/awt/AWTEvent;)V (42 bytes) @ 0x000001c4104648dc [0x000001c410463c00+0x0000000000000cdc]
J 20731 c2 java.awt.EventDispatchThread.pumpOneEventForFilters(I)V java.desktop@17.0.7 (113 bytes) @ 0x000001c40fc26010 [0x000001c40fc25b20+0x00000000000004f0]
J 22585 c2 java.awt.EventDispatchThread.pumpEventsForFilter(ILjava/awt/Conditional;Ljava/awt/EventFilter;)V java.desktop@17.0.7 (47 bytes) @ 0x000001c410402de8 [0x000001c410402cc0+0x0000000000000128]
j  java.awt.EventDispatchThread.pumpEventsForFilter(Ljava/awt/Conditional;Ljava/awt/EventFilter;)V+4 java.desktop@17.0.7
j  java.awt.WaitDispatchSupport$2.run()V+59 java.desktop@17.0.7
j  java.awt.WaitDispatchSupport$4.run()Ljava/lang/Void;+4 java.desktop@17.0.7
j  java.awt.WaitDispatchSupport$4.run()Ljava/lang/Object;+1 java.desktop@17.0.7
J 19474 c2 java.security.AccessController.doPrivileged(Ljava/security/PrivilegedAction;)Ljava/lang/Object; java.base@17.0.7 (9 bytes) @ 0x000001c41061bfd0 [0x000001c41061bfa0+0x0000000000000030]
j  java.awt.WaitDispatchSupport.enter()Z+260 java.desktop@17.0.7
j  java.awt.Dialog.show()V+225 java.desktop@17.0.7
J 7880 c1 java.awt.Component.setVisible(Z)V java.desktop@17.0.7 (6 bytes) @ 0x000001c4087a3c5c [0x000001c4087a3a60+0x00000000000001fc]
j  java.awt.Window.setVisible(Z)V+2 java.desktop@17.0.7
j  java.awt.Dialog.setVisible(Z)V+2 java.desktop@17.0.7
j  ui.dlg.c.e.setVisible(Z)V+2
j  ui.dlg.c.e.a(IILjava/awt/Component;)V+664
j  ui.dlg.c.e.a(IIZLjava/awt/Component;)V+90
j  ui.dlg.c.e.ck(II)V+5
j  ui.dlg.c.e.bCa()V+3
j  ui.views.S.a.e.fhY()V+48
j  ui.views.S.a.e$$Lambda$312+0x0000000801c29be0.run()V+4
J 14343 c2 java.awt.EventQueue.dispatchEvent(Ljava/awt/AWTEvent;)V java.desktop@17.0.7 (80 bytes) @ 0x000001c40fa5d23c [0x000001c40fa5c960+0x00000000000008dc]
J 17565 c2 ui.frmwork.a.d.dispatchEvent(Ljava/awt/AWTEvent;)V (42 bytes) @ 0x000001c4104648dc [0x000001c410463c00+0x0000000000000cdc]
J 20731 c2 java.awt.EventDispatchThread.pumpOneEventForFilters(I)V java.desktop@17.0.7 (113 bytes) @ 0x000001c40fc26010 [0x000001c40fc25b20+0x00000000000004f0]
J 22040% c2 java.awt.EventDispatchThread.pumpEventsForFilter(ILjava/awt/Conditional;Ljava/awt/EventFilter;)V java.desktop@17.0.7 (47 bytes) @ 0x000001c41028a544 [0x000001c41028a440+0x0000000000000104]
j  java.awt.EventDispatchThread.pumpEventsForHierarchy(ILjava/awt/Conditional;Ljava/awt/Component;)V+11 java.desktop@17.0.7
j  java.awt.EventDispatchThread.pumpEvents(ILjava/awt/Conditional;)V+4 java.desktop@17.0.7
j  java.awt.EventDispatchThread.pumpEvents(Ljava/awt/Conditional;)V+3 java.desktop@17.0.7
j  java.awt.EventDispatchThread.run()V+9 java.desktop@17.0.7
v  ~StubRoutines::call_stub

siginfo: EXCEPTION_ACCESS_VIOLATION (0xc0000005), reading address 0x0000000000000008


Register to memory mapping:

RIP=0x00007ffbb2442db5 librdi_filemgmt.dll
RAX=0x0000000000000001 is an unknown value
RBX=0x000001c445e12480 points into unknown readable memory: 0x0000000000000008 | 08 00 00 00 00 00 00 00
RCX=0x000001c46f4c0000 points into unknown readable memory: 0x0000000000000000 | 00 00 00 00 00 00 00 00
RDX=0x0000000000000008 is an unknown value
RSP=0x0000007e06ffce70 is pointing into the stack for thread: 0x000001c4714cec10
RBP=0x0000007e06ffcfc0 is pointing into the stack for thread: 0x000001c4714cec10
RSI=0x0 is NULL
RDI=0x000001c428620570 points into unknown readable memory: 0x00007ffbb262c890 | 90 c8 62 b2 fb 7f 00 00
R8 =0x0 is NULL
R9 =0x0000000000000001 is an unknown value
R10=0x0000000000000003 is an unknown value
R11=0x0000007e06ffcdd0 is pointing into the stack for thread: 0x000001c4714cec10
R12=0x0000007e06ffd158 is pointing into the stack for thread: 0x000001c4714cec10
R13=0x000001c427b2c0e0 points into unknown readable memory: 0x000001c4331628d0 | d0 28 16 33 c4 01 00 00
R14=0x0 is NULL
R15=0x000001c442ae5800 points into unknown readable memory: 0x0063005c003a0046 | 46 00 3a 00 5c 00 63 00


Registers:
RAX=0x0000000000000001, RBX=0x000001c445e12480, RCX=0x000001c46f4c0000, RDX=0x0000000000000008
RSP=0x0000007e06ffce70, RBP=0x0000007e06ffcfc0, RSI=0x0000000000000000, RDI=0x000001c428620570
R8 =0x0000000000000000, R9 =0x0000000000000001, R10=0x0000000000000003, R11=0x0000007e06ffcdd0
R12=0x0000007e06ffd158, R13=0x000001c427b2c0e0, R14=0x0000000000000000, R15=0x000001c442ae5800
RIP=0x00007ffbb2442db5, EFLAGS=0x0000000000010256

Top of Stack: (sp=0x0000007e06ffce70)
0x0000007e06ffce70:   0000000000000000 000001c400000000
0x0000007e06ffce80:   000001c445e12478 0000007e06ffcfc0
0x0000007e06ffce90:   fffffffffffffffe 000001c451baeb00
0x0000007e06ffcea0:   000001c442ae5800 0000000000000000
0x0000007e06ffceb0:   000000000000000f 000001c451bae800
0x0000007e06ffcec0:   0000007e06ffd138 0000000000000000
0x0000007e06ffced0:   000000000000000f 00001b29c3c54401
0x0000007e06ffcee0:   0000000000000039 000001c427b2c0e0
0x0000007e06ffcef0:   0000007e06ffcfc0 00007ffbb2441605
0x0000007e06ffcf00:   000000000000003f 00007ffbb224a624
0x0000007e06ffcf10:   0000000000000039 000001c428620570
0x0000007e06ffcf20:   000000071fb6a470 00007ffb00000000
0x0000007e06ffcf30:   0000cbb89acb025d 0000cbb89acb015d
0x0000007e06ffcf40:   000001c442ae5800 000001c427b2c0e0
0x0000007e06ffcf50:   0000007e06ffd158 0000000000000001
0x0000007e06ffcf60:   000001c4714ceeb8 0000007e06ffd138 

Instructions: (pc=0x00007ffbb2442db5)
0x00007ffbb2442cb5:   c2 48 8b 4c 24 30 48 8b c1 48 81 fa 00 10 00 00
0x00007ffbb2442cc5:   72 1c 48 83 c2 27 48 8b 49 f8 48 2b c1 48 83 c0
0x00007ffbb2442cd5:   f8 48 83 f8 1f 76 07 ff 15 4e eb 19 00 cc e8 74
0x00007ffbb2442ce5:   b3 08 00 66 0f 6f 05 d0 33 1a 00 f3 0f 7f 44 24
0x00007ffbb2442cf5:   40 c6 44 24 30 00 48 8b cb e8 33 b2 08 00 85 c0
0x00007ffbb2442d05:   74 08 8b c8 e8 2e b2 08 00 90 48 8b c6 48 8b 4c
0x00007ffbb2442d15:   24 50 48 33 cc e8 81 b7 08 00 48 8b 9c 24 98 00
0x00007ffbb2442d25:   00 00 48 83 c4 60 5f 5e 5d c3 cc b8 02 00 00 00
0x00007ffbb2442d35:   c3 cc cc cc cc cc cc cc cc cc cc 48 8b c4 56 57
0x00007ffbb2442d45:   41 56 48 83 ec 70 48 c7 40 98 fe ff ff ff 48 89
0x00007ffbb2442d55:   58 18 48 89 68 20 48 8b 05 2e bf 3f 00 48 33 c4
0x00007ffbb2442d65:   48 89 44 24 68 48 8b ea 48 8b f9 48 8b 01 ff 50
0x00007ffbb2442d75:   08 8b f0 85 c0 0f 85 1b 01 00 00 48 8b 5f 08 48
0x00007ffbb2442d85:   83 c3 08 48 3b 5f 10 0f 84 09 01 00 00 45 33 f6
0x00007ffbb2442d95:   48 8b 13 4c 89 74 24 38 48 c7 44 24 40 0f 00 00
0x00007ffbb2442da5:   00 c6 44 24 28 00 49 c7 c0 ff ff ff ff 49 ff c0
0x00007ffbb2442db5:   42 80 3c 02 00 75 f6 48 8d 4c 24 28 e8 ea 24 ce
0x00007ffbb2442dc5:   ff 90 48 8d 54 24 28 48 8d 4c 24 48 ff 15 89 f6
0x00007ffbb2442dd5:   19 00 90 48 8b d5 48 8d 4c 24 48 ff 15 ba f3 19
0x00007ffbb2442de5:   00 84 c0 75 55 48 8d 4c 24 48 ff 15 93 f5 19 00
0x00007ffbb2442df5:   90 48 8b 54 24 40 48 83 fa 10 72 2e 48 ff c2 48
0x00007ffbb2442e05:   8b 4c 24 28 48 8b c1 48 81 fa 00 10 00 00 72 15
0x00007ffbb2442e15:   48 83 c2 27 48 8b 49 f8 48 2b c1 48 83 c0 f8 48
0x00007ffbb2442e25:   83 f8 1f 77 65 e8 2d b2 08 00 48 83 c3 08 48 3b
0x00007ffbb2442e35:   5f 10 0f 85 58 ff ff ff eb 5c 48 8b 07 48 8d 54
0x00007ffbb2442e45:   24 28 48 8b cf ff 50 08 8b f0 48 8d 4c 24 48 ff
0x00007ffbb2442e55:   15 2e f5 19 00 90 48 8b 54 24 40 48 83 fa 10 72
0x00007ffbb2442e65:   35 48 ff c2 48 8b 4c 24 28 48 8b c1 48 81 fa 00
0x00007ffbb2442e75:   10 00 00 72 1c 48 83 c2 27 48 8b 49 f8 48 2b c1
0x00007ffbb2442e85:   48 83 c0 f8 48 83 f8 1f 76 07 ff 15 9b e9 19 00
0x00007ffbb2442e95:   cc e8 c1 b1 08 00 8b c6 48 8b 4c 24 68 48 33 cc
0x00007ffbb2442ea5:   e8 f6 b5 08 00 4c 8d 5c 24 70 49 8b 5b 30 49 8b 


Stack slot to memory mapping:
stack at sp + 0 slots: 0x0 is NULL
stack at sp + 1 slots: 0x000001c400000000 points into unknown readable memory: 0x00010000cafedada | da da fe ca 00 00 01 00
stack at sp + 2 slots: 0x000001c445e12478 points into unknown readable memory: 0x000001c44c0d8560 | 60 85 0d 4c c4 01 00 00
stack at sp + 3 slots: 0x0000007e06ffcfc0 is pointing into the stack for thread: 0x000001c4714cec10
stack at sp + 4 slots: 0xfffffffffffffffe is an unknown value
stack at sp + 5 slots: 0x000001c451baeb00 points into unknown readable memory: 0x00000000002e0068 | 68 00 2e 00 00 00 00 00
stack at sp + 6 slots: 0x000001c442ae5800 points into unknown readable memory: 0x0063005c003a0046 | 46 00 3a 00 5c 00 63 00
stack at sp + 7 slots: 0x0 is NULL


---------------  P R O C E S S  ---------------

Threads class SMR info:
_java_thread_list=0x000001c44c5718a0, length=63, elements={
0x000001c4797b1870, 0x000001c47b3ac1d0, 0x000001c47b3af6d0, 0x000001c47b3b8bc0,
0x000001c47b3bcae0, 0x000001c47b3baa30, 0x000001c47b3c2400, 0x000001c47b3c8260,
0x000001c47b3c97b0, 0x000001c47b3de5a0, 0x000001c4714cf5b0, 0x000001c4714d0dc0,
0x000001c4714cd8d0, 0x000001c4714ce740, 0x000001c4714d0420, 0x000001c4714cfa80,
0x000001c4714cec10, 0x000001c427a18750, 0x000001c427a195c0, 0x000001c427a19f60,
0x000001c427a178e0, 0x000001c427a16f40, 0x000001c427a17410, 0x000001c427a160d0,
0x000001c427a165a0, 0x000001c427a17db0, 0x000001c42799e360, 0x000001c43ed27dd0,
0x000001c43ed24db0, 0x000001c43ed29f80, 0x000001c43ed25750, 0x000001c43ed260f0,
0x000001c43ed2b790, 0x000001c43ed265c0, 0x000001c43ed23f40, 0x000001c43ed26a90,
0x000001c43ed27430, 0x000001c43ed2a450, 0x000001c43ed28c40, 0x000001c43ed295e0,
0x000001c43ed29ab0, 0x000001c43ed24410, 0x000001c43ed25280, 0x000001c444764400,
0x000001c444766f50, 0x000001c444760570, 0x000001c444762720, 0x000001c444760f10,
0x000001c444776e60, 0x000001c445b61bc0, 0x000001c445b64710, 0x000001c445b650b0,
0x000001c445b5fee0, 0x000001c445b5f540, 0x000001c445b6e110, 0x000001c445b6b0f0,
0x000001c445b68f40, 0x000001c445b685a0, 0x000001c445b616f0, 0x000001c445b6fdf0,
0x000001c446186d10, 0x000001c44618b3f0, 0x000001c445b6f450
}

Java Threads: ( => current thread )
  0x000001c4797b1870 JavaThread "main" [_thread_blocked, id=21512, stack(0x0000007e7c100000,0x0000007e7c200000)]
  0x000001c47b3ac1d0 JavaThread "Reference Handler" daemon [_thread_blocked, id=24760, stack(0x0000007e7c900000,0x0000007e7d300000)]
  0x000001c47b3af6d0 JavaThread "Finalizer" daemon [_thread_blocked, id=30028, stack(0x0000007e7d300000,0x0000007e7dd00000)]
  0x000001c47b3b8bc0 JavaThread "Signal Dispatcher" daemon [_thread_blocked, id=30624, stack(0x0000007e7dd00000,0x0000007e7e700000)]
  0x000001c47b3bcae0 JavaThread "Attach Listener" daemon [_thread_blocked, id=27796, stack(0x0000007e7e700000,0x0000007e7f100000)]
  0x000001c47b3baa30 JavaThread "Service Thread" daemon [_thread_blocked, id=15284, stack(0x0000007e7f100000,0x0000007e7fb00000)]
  0x000001c47b3c2400 JavaThread "Monitor Deflation Thread" daemon [_thread_blocked, id=31568, stack(0x0000007e00000000,0x0000007e00a00000)]
  0x000001c47b3c8260 JavaThread "C2 CompilerThread0" daemon [_thread_blocked, id=30532, stack(0x0000007e7fb00000,0x0000007e7fc00000)]
  0x000001c47b3c97b0 JavaThread "C1 CompilerThread0" daemon [_thread_blocked, id=13748, stack(0x0000007e7fc00000,0x0000007e7fd00000)]
  0x000001c47b3de5a0 JavaThread "Sweeper thread" daemon [_thread_blocked, id=28520, stack(0x0000007e00a00000,0x0000007e01400000)]
  0x000001c4714cf5b0 JavaThread "Common-Cleaner" daemon [_thread_blocked, id=18288, stack(0x0000007e01400000,0x0000007e01e00000)]
  0x000001c4714d0dc0 JavaThread "Notification Thread" daemon [_thread_blocked, id=23380, stack(0x0000007e01e00000,0x0000007e02800000)]
  0x000001c4714cd8d0 JavaThread "Java2D Disposer" daemon [_thread_blocked, id=3024, stack(0x0000007e02900000,0x0000007e03300000)]
  0x000001c4714ce740 JavaThread "AWT-Windows" daemon [_thread_in_native, id=18592, stack(0x0000007e03d00000,0x0000007e04700000)]
  0x000001c4714d0420 JavaThread "TimerQueue" daemon [_thread_blocked, id=22476, stack(0x0000007e03300000,0x0000007e03d00000)]
  0x000001c4714cfa80 JavaThread "AWT-Shutdown" [_thread_blocked, id=31192, stack(0x0000007e05c00000,0x0000007e06600000)]
=>0x000001c4714cec10 JavaThread "AWT-EventQueue-0" [_thread_in_native, id=12160, stack(0x0000007e06600000,0x0000007e07000000)]
  0x000001c427a18750 JavaThread "Thread-1" [_thread_in_native, id=11252, stack(0x0000007e7a900000,0x0000007e7bd00000)]
  0x000001c427a195c0 JavaThread "Process Messages Thread" [_thread_blocked, id=14868, stack(0x0000007e08900000,0x0000007e09300000)]
  0x000001c427a19f60 JavaThread "Batik CleanerThread" daemon [_thread_blocked, id=31564, stack(0x0000007e09300000,0x0000007e09d00000)]
  0x000001c427a178e0 JavaThread "SyntheticaCleanerThread" daemon [_thread_blocked, id=28548, stack(0x0000007e0a700000,0x0000007e0b100000)]
  0x000001c427a16f40 JavaThread "Timer-0" [_thread_blocked, id=5936, stack(0x0000007e09d00000,0x0000007e0a700000)]
  0x000001c427a17410 JavaThread "Monitor File Timestamp Swing Worker Thread" [_thread_blocked, id=6248, stack(0x0000007e0c500000,0x0000007e0cf00000)]
  0x000001c427a160d0 JavaThread "Monitor HEventQueue Thread" [_thread_blocked, id=14196, stack(0x0000007e0cf00000,0x0000007e0d900000)]
  0x000001c427a165a0 JavaThread "SyntheticaAnimation 50" daemon [_thread_blocked, id=5020, stack(0x0000007e0d900000,0x0000007e0e300000)]
  0x000001c427a17db0 JavaThread "SyntheticaAnimation 25" daemon [_thread_blocked, id=2164, stack(0x0000007e07000000,0x0000007e07a00000)]
  0x000001c42799e360 JavaThread "SyntheticaAnimation 70" daemon [_thread_blocked, id=14512, stack(0x0000007e0ed00000,0x0000007e0f700000)]
  0x000001c43ed27dd0 JavaThread "Refresh Filesets Swing Worker Thread" [_thread_blocked, id=14400, stack(0x0000007e0b100000,0x0000007e0bb00000)]
  0x000001c43ed24db0 JavaThread "hw_ila_monitor" [_thread_blocked, id=10140, stack(0x0000007e0bb00000,0x0000007e0c500000)]
  0x000001c43ed29f80 JavaThread "pool-2-thread-1" [_thread_blocked, id=22928, stack(0x0000007e10b00000,0x0000007e11500000)]
  0x000001c43ed25750 JavaThread "Timer-1" [_thread_blocked, id=30700, stack(0x0000007e11500000,0x0000007e11f00000)]
  0x000001c43ed260f0 JavaThread "pool-3-thread-1" [_thread_blocked, id=2860, stack(0x0000007e11f00000,0x0000007e12900000)]
  0x000001c43ed2b790 JavaThread "Timer-2" [_thread_blocked, id=21584, stack(0x0000007e12900000,0x0000007e13300000)]
  0x000001c43ed265c0 JavaThread "pool-4-thread-1" [_thread_blocked, id=28556, stack(0x0000007e13300000,0x0000007e13d00000)]
  0x000001c43ed23f40 JavaThread "Timer-3" [_thread_blocked, id=22524, stack(0x0000007e13d00000,0x0000007e14700000)]
  0x000001c43ed26a90 JavaThread "pool-5-thread-1" [_thread_blocked, id=5396, stack(0x0000007e14700000,0x0000007e15100000)]
  0x000001c43ed27430 JavaThread "Timer-4" [_thread_blocked, id=6652, stack(0x0000007e15100000,0x0000007e15b00000)]
  0x000001c43ed2a450 JavaThread "pool-6-thread-1" [_thread_blocked, id=30684, stack(0x0000007e15b00000,0x0000007e16500000)]
  0x000001c43ed28c40 JavaThread "Timer-5" [_thread_blocked, id=6768, stack(0x0000007e16500000,0x0000007e16f00000)]
  0x000001c43ed295e0 JavaThread "pool-7-thread-1" [_thread_blocked, id=13752, stack(0x0000007e16f00000,0x0000007e17900000)]
  0x000001c43ed29ab0 JavaThread "Timer-6" [_thread_blocked, id=31528, stack(0x0000007e17900000,0x0000007e18300000)]
  0x000001c43ed24410 JavaThread "Update Runs Swing Worker Thread" [_thread_blocked, id=11032, stack(0x0000007e18d00000,0x0000007e19700000)]
  0x000001c43ed25280 JavaThread "Image Animator 3" daemon [_thread_blocked, id=6008, stack(0x0000007e0f700000,0x0000007e10100000)]
  0x000001c444764400 JavaThread "Timer-7" [_thread_blocked, id=23516, stack(0x0000007e10100000,0x0000007e10b00000)]
  0x000001c444766f50 JavaThread "Monitor File Timestamp Swing Worker Thread" [_thread_blocked, id=23160, stack(0x0000007e18300000,0x0000007e18d00000)]
  0x000001c444760570 JavaThread "Timer-8" [_thread_blocked, id=4596, stack(0x0000007e19800000,0x0000007e1a200000)]
  0x000001c444762720 JavaThread "Monitor File Timestamp Swing Worker Thread" [_thread_blocked, id=8936, stack(0x0000007e1a200000,0x0000007e1ac00000)]
  0x000001c444760f10 JavaThread "SyntheticaAnimation 50" daemon [_thread_blocked, id=6536, stack(0x0000007e1ac00000,0x0000007e1b600000)]
  0x000001c444776e60 JavaThread "Swing-Shell" daemon [_thread_blocked, id=23308, stack(0x0000007e1b600000,0x0000007e1c000000)]
  0x000001c445b61bc0 JavaThread "Timer-9" [_thread_blocked, id=33656, stack(0x0000007e0e300000,0x0000007e0ed00000)]
  0x000001c445b64710 JavaThread "Monitor File Timestamp Swing Worker Thread" [_thread_blocked, id=31152, stack(0x0000007e1c000000,0x0000007e1ca00000)]
  0x000001c445b650b0 JavaThread "Timer-10" [_thread_blocked, id=6244, stack(0x0000007e1ca00000,0x0000007e1d400000)]
  0x000001c445b5fee0 JavaThread "Monitor File Timestamp Swing Worker Thread" [_thread_blocked, id=24680, stack(0x0000007e1d400000,0x0000007e1de00000)]
  0x000001c445b5f540 JavaThread "Timer-11" [_thread_blocked, id=15272, stack(0x0000007e1e800000,0x0000007e1f200000)]
  0x000001c445b6e110 JavaThread "Monitor File Timestamp Swing Worker Thread" [_thread_blocked, id=15868, stack(0x0000007e1f200000,0x0000007e1fc00000)]
  0x000001c445b6b0f0 JavaThread "Timer-12" [_thread_blocked, id=14956, stack(0x0000007e1fc00000,0x0000007e20600000)]
  0x000001c445b68f40 JavaThread "Monitor File Timestamp Swing Worker Thread" [_thread_blocked, id=14780, stack(0x0000007e20600000,0x0000007e21000000)]
  0x000001c445b685a0 JavaThread "Managing Output Products Thread" [_thread_blocked, id=30592, stack(0x0000007e1de00000,0x0000007e1e800000)]
  0x000001c445b616f0 JavaThread "pool-12-thread-1" [_thread_blocked, id=1420, stack(0x0000007e21000000,0x0000007e21a00000)]
  0x000001c445b6fdf0 JavaThread "Timer-13" [_thread_blocked, id=10996, stack(0x0000007e21a00000,0x0000007e22400000)]
  0x000001c446186d10 JavaThread "C1 CompilerThread1" daemon [_thread_blocked, id=21092, stack(0x0000007e04a00000,0x0000007e04b00000)]
  0x000001c44618b3f0 JavaThread "C2 CompilerThread1" daemon [_thread_blocked, id=20960, stack(0x0000007e04900000,0x0000007e04a00000)]
  0x000001c445b6f450 JavaThread "Code Inspector Thread" [_thread_in_native, id=5000, stack(0x0000007e23800000,0x0000007e24200000)]

Other Threads:
  0x000001c47b3a8620 VMThread "VM Thread" [stack: 0x0000007e7c800000,0x0000007e7c900000] [id=10516]
  0x000001c47b130b60 WatcherThread [stack: 0x0000007e02800000,0x0000007e02900000] [id=28328]
  0x000001c478c9f1f0 GCTaskThread "GC Thread#0" [stack: 0x0000007e7c200000,0x0000007e7c300000] [id=15432]
  0x000001c478c9f750 GCTaskThread "GC Thread#1" [stack: 0x0000007e04700000,0x0000007e04800000] [id=10624]
  0x000001c478ca7850 GCTaskThread "GC Thread#2" [stack: 0x0000007e04800000,0x0000007e04900000] [id=33756]
  0x000001c478ca0a20 GCTaskThread "GC Thread#3" [stack: 0x0000007e04b00000,0x0000007e04c00000] [id=4364]
  0x000001c478ca04c0 GCTaskThread "GC Thread#4" [stack: 0x0000007e04c00000,0x0000007e04d00000] [id=31936]
  0x000001c478c9fa00 GCTaskThread "GC Thread#5" [stack: 0x0000007e04d00000,0x0000007e04e00000] [id=24536]
  0x000001c478ca7b00 GCTaskThread "GC Thread#6" [stack: 0x0000007e04e00000,0x0000007e04f00000] [id=14688]
  0x000001c478ca7db0 GCTaskThread "GC Thread#7" [stack: 0x0000007e04f00000,0x0000007e05000000] [id=11864]
  0x000001c478ca8060 GCTaskThread "GC Thread#8" [stack: 0x0000007e05000000,0x0000007e05100000] [id=3304]
  0x000001c478ca8310 GCTaskThread "GC Thread#9" [stack: 0x0000007e05100000,0x0000007e05200000] [id=27904]
  0x000001c478ca85c0 GCTaskThread "GC Thread#10" [stack: 0x0000007e05200000,0x0000007e05300000] [id=15240]
  0x000001c478ca0770 GCTaskThread "GC Thread#11" [stack: 0x0000007e05300000,0x0000007e05400000] [id=22408]
  0x000001c478ca8870 GCTaskThread "GC Thread#12" [stack: 0x0000007e05400000,0x0000007e05500000] [id=11636]
  0x000001c478ca8b20 GCTaskThread "GC Thread#13" [stack: 0x0000007e05500000,0x0000007e05600000] [id=14808]
  0x000001c478ca95e0 GCTaskThread "GC Thread#14" [stack: 0x0000007e05600000,0x0000007e05700000] [id=30544]
  0x000001c478ca8dd0 GCTaskThread "GC Thread#15" [stack: 0x0000007e05700000,0x0000007e05800000] [id=20836]
  0x000001c478ca9080 GCTaskThread "GC Thread#16" [stack: 0x0000007e05800000,0x0000007e05900000] [id=14752]
  0x000001c478ca9330 GCTaskThread "GC Thread#17" [stack: 0x0000007e05900000,0x0000007e05a00000] [id=26460]
  0x000001c478cace50 GCTaskThread "GC Thread#18" [stack: 0x0000007e05a00000,0x0000007e05b00000] [id=6672]
  0x000001c478cacba0 GCTaskThread "GC Thread#19" [stack: 0x0000007e05b00000,0x0000007e05c00000] [id=26988]
  0x000001c47b0bfe20 ConcurrentGCThread "G1 Main Marker" [stack: 0x0000007e7c300000,0x0000007e7c400000] [id=32076]
  0x000001c478c9ff60 ConcurrentGCThread "G1 Conc#0" [stack: 0x0000007e7c400000,0x0000007e7c500000] [id=5940]
  0x000001c478cafc00 ConcurrentGCThread "G1 Conc#1" [stack: 0x0000007e07d00000,0x0000007e07e00000] [id=3020]
  0x000001c478cafeb0 ConcurrentGCThread "G1 Conc#2" [stack: 0x0000007e07e00000,0x0000007e07f00000] [id=3160]
  0x000001c478cb0c20 ConcurrentGCThread "G1 Conc#3" [stack: 0x0000007e07f00000,0x0000007e08000000] [id=14864]
  0x000001c478cb16e0 ConcurrentGCThread "G1 Conc#4" [stack: 0x0000007e08000000,0x0000007e08100000] [id=22192]
  0x000001c47979ba30 ConcurrentGCThread "G1 Refine#0" [stack: 0x0000007e7c500000,0x0000007e7c600000] [id=28444]
  0x000001c427b34f70 ConcurrentGCThread "G1 Refine#1" [stack: 0x0000007e08200000,0x0000007e08300000] [id=20580]
  0x000001c47b2c60f0 ConcurrentGCThread "G1 Service" [stack: 0x0000007e7c600000,0x0000007e7c700000] [id=31016]
  0x000001c478ca72f0 ConcurrentGCThread "StringDedupProcessor" [stack: 0x0000007e7c700000,0x0000007e7c800000] [id=4732]

Threads with active compile tasks:

VM state: not at safepoint (normal execution)

VM Mutex/Monitor currently owned by a thread: None

Heap address: 0x0000000701800000, size: 4072 MB, Compressed Oops mode: Zero based, Oop shift amount: 3

CDS archive(s) mapped at: [0x0000000800000000-0x0000000800bc0000-0x0000000800bc0000), size 12320768, SharedBaseAddress: 0x0000000800000000, ArchiveRelocationMode: 0.
Compressed class space mapped at: 0x0000000801000000-0x0000000841000000, reserved size: 1073741824
Narrow klass base: 0x0000000800000000, Narrow klass shift: 0, Narrow klass range: 0x100000000

GC Precious Log:
 CPUs: 28 total, 28 available
 Memory: 16159M
 Large Page Support: Disabled
 NUMA Support: Disabled
 Compressed Oops: Enabled (Zero based)
 Heap Region Size: 2M
 Heap Min Capacity: 512M
 Heap Initial Capacity: 512M
 Heap Max Capacity: 4072M
 Pre-touch: Disabled
 Parallel Workers: 20
 Concurrent Workers: 5
 Concurrent Refinement Workers: 20
 Periodic GC: Disabled
 String Deduplication is enabled

Heap:
 garbage-first heap   total 524288K, used 164697K [0x0000000701800000, 0x0000000800000000)
  region size 2048K, 14 young (28672K), 2 survivors (4096K)
 Metaspace       used 91129K, committed 91904K, reserved 1179648K
  class space    used 12486K, committed 12864K, reserved 1048576K

Heap Regions: E=young(eden), S=young(survivor), O=old, HS=humongous(starts), HC=humongous(continues), CS=collection set, F=free, OA=open archive, CA=closed archive, TAMS=top-at-mark-start (previous, next)
|   0|0x0000000701800000, 0x0000000701a00000, 0x0000000701a00000|100%|HS|  |TAMS 0x0000000701a00000, 0x0000000701800000| Untracked 
|   1|0x0000000701a00000, 0x0000000701c00000, 0x0000000701c00000|100%| O|  |TAMS 0x0000000701a00000, 0x0000000701a00000| Untracked 
|   2|0x0000000701c00000, 0x0000000701e00000, 0x0000000701e00000|100%| O|  |TAMS 0x0000000701e00000, 0x0000000701c00000| Untracked 
|   3|0x0000000701e00000, 0x0000000701ff8b38, 0x0000000702000000| 98%| O|  |TAMS 0x0000000701e00000, 0x0000000701e00000| Untracked 
|   4|0x0000000702000000, 0x000000070217d350, 0x0000000702200000| 74%| O|  |TAMS 0x0000000702000000, 0x0000000702000000| Untracked 
|   5|0x0000000702200000, 0x00000007023ffff0, 0x0000000702400000| 99%| O|  |TAMS 0x0000000702200000, 0x0000000702200000| Untracked 
|   6|0x0000000702400000, 0x0000000702600000, 0x0000000702600000|100%| O|  |TAMS 0x0000000702600000, 0x0000000702400000| Untracked 
|   7|0x0000000702600000, 0x00000007027d9c48, 0x0000000702800000| 92%| O|  |TAMS 0x0000000702600000, 0x0000000702600000| Untracked 
|   8|0x0000000702800000, 0x00000007029ffb78, 0x0000000702a00000| 99%| O|  |TAMS 0x0000000702800000, 0x0000000702800000| Untracked 
|   9|0x0000000702a00000, 0x0000000702bb9800, 0x0000000702c00000| 86%| O|  |TAMS 0x0000000702a00000, 0x0000000702a00000| Untracked 
|  10|0x0000000702c00000, 0x0000000702e00000, 0x0000000702e00000|100%| O|  |TAMS 0x0000000702e00000, 0x0000000702c00000| Untracked 
|  11|0x0000000702e00000, 0x0000000702fb9fa8, 0x0000000703000000| 86%| O|  |TAMS 0x0000000702e00000, 0x0000000702e00000| Untracked 
|  12|0x0000000703000000, 0x000000070310ccb0, 0x0000000703200000| 52%| O|  |TAMS 0x0000000703000000, 0x0000000703000000| Untracked 
|  13|0x0000000703200000, 0x00000007033f75d8, 0x0000000703400000| 98%| O|  |TAMS 0x0000000703200000, 0x0000000703200000| Untracked 
|  14|0x0000000703400000, 0x00000007035cd640, 0x0000000703600000| 90%| O|  |TAMS 0x0000000703400000, 0x0000000703400000| Untracked 
|  15|0x0000000703600000, 0x00000007037fffe8, 0x0000000703800000| 99%| O|  |TAMS 0x0000000703600000, 0x0000000703600000| Untracked 
|  16|0x0000000703800000, 0x0000000703880b88, 0x0000000703a00000| 25%| O|  |TAMS 0x0000000703800000, 0x0000000703800000| Untracked 
|  17|0x0000000703a00000, 0x0000000703c00000, 0x0000000703c00000|100%|HS|  |TAMS 0x0000000703c00000, 0x0000000703a00000| Untracked 
|  18|0x0000000703c00000, 0x0000000703e00000, 0x0000000703e00000|100%|HC|  |TAMS 0x0000000703e00000, 0x0000000703c00000| Untracked 
|  19|0x0000000703e00000, 0x0000000704000000, 0x0000000704000000|100%|HC|  |TAMS 0x0000000704000000, 0x0000000703e00000| Untracked 
|  20|0x0000000704000000, 0x0000000704200000, 0x0000000704200000|100%|HC|  |TAMS 0x0000000704200000, 0x0000000704000000| Untracked 
|  21|0x0000000704200000, 0x0000000704400000, 0x0000000704400000|100%|HC|  |TAMS 0x0000000704400000, 0x0000000704200000| Untracked 
|  22|0x0000000704400000, 0x0000000704600000, 0x0000000704600000|100%|HC|  |TAMS 0x0000000704600000, 0x0000000704400000| Untracked 
|  23|0x0000000704600000, 0x0000000704800000, 0x0000000704800000|100%|HS|  |TAMS 0x0000000704800000, 0x0000000704600000| Untracked 
|  24|0x0000000704800000, 0x0000000704a00000, 0x0000000704a00000|100%|HC|  |TAMS 0x0000000704a00000, 0x0000000704800000| Untracked 
|  25|0x0000000704a00000, 0x0000000704c00000, 0x0000000704c00000|100%|HC|  |TAMS 0x0000000704c00000, 0x0000000704a00000| Untracked 
|  26|0x0000000704c00000, 0x0000000704e00000, 0x0000000704e00000|100%|HC|  |TAMS 0x0000000704e00000, 0x0000000704c00000| Untracked 
|  27|0x0000000704e00000, 0x0000000705000000, 0x0000000705000000|100%|HC|  |TAMS 0x0000000705000000, 0x0000000704e00000| Untracked 
|  28|0x0000000705000000, 0x0000000705200000, 0x0000000705200000|100%|HC|  |TAMS 0x0000000705200000, 0x0000000705000000| Untracked 
|  29|0x0000000705200000, 0x0000000705400000, 0x0000000705400000|100%|HC|  |TAMS 0x0000000705400000, 0x0000000705200000| Untracked 
|  30|0x0000000705400000, 0x0000000705600000, 0x0000000705600000|100%|HC|  |TAMS 0x0000000705600000, 0x0000000705400000| Untracked 
|  31|0x0000000705600000, 0x000000070576d050, 0x0000000705800000| 71%| O|  |TAMS 0x0000000705600000, 0x0000000705600000| Untracked 
|  32|0x0000000705800000, 0x0000000705a00000, 0x0000000705a00000|100%| O|  |TAMS 0x0000000705a00000, 0x0000000705800000| Untracked 
|  33|0x0000000705a00000, 0x0000000705b94db8, 0x0000000705c00000| 79%| O|  |TAMS 0x0000000705a00000, 0x0000000705a00000| Untracked 
|  34|0x0000000705c00000, 0x0000000705e00000, 0x0000000705e00000|100%| O|  |TAMS 0x0000000705c00000, 0x0000000705c00000| Untracked 
|  35|0x0000000705e00000, 0x0000000706000000, 0x0000000706000000|100%|HS|  |TAMS 0x0000000706000000, 0x0000000705e00000| Untracked 
|  36|0x0000000706000000, 0x0000000706189980, 0x0000000706200000| 76%| O|  |TAMS 0x0000000706000000, 0x0000000706000000| Untracked 
|  37|0x0000000706200000, 0x0000000706400000, 0x0000000706400000|100%| O|  |TAMS 0x0000000706200000, 0x0000000706200000| Untracked 
|  38|0x0000000706400000, 0x0000000706600000, 0x0000000706600000|100%| O|  |TAMS 0x0000000706400000, 0x0000000706400000| Untracked 
|  39|0x0000000706600000, 0x0000000706800000, 0x0000000706800000|100%| O|  |TAMS 0x0000000706600000, 0x0000000706600000| Untracked 
|  40|0x0000000706800000, 0x0000000706a00000, 0x0000000706a00000|100%| O|  |TAMS 0x0000000706800000, 0x0000000706800000| Untracked 
|  41|0x0000000706a00000, 0x0000000706c00000, 0x0000000706c00000|100%| O|  |TAMS 0x0000000706a00000, 0x0000000706a00000| Untracked 
|  42|0x0000000706c00000, 0x0000000706e00000, 0x0000000706e00000|100%| O|  |TAMS 0x0000000706c00000, 0x0000000706c00000| Untracked 
|  43|0x0000000706e00000, 0x0000000707000000, 0x0000000707000000|100%| O|  |TAMS 0x0000000706e00000, 0x0000000706e00000| Untracked 
|  44|0x0000000707000000, 0x0000000707200000, 0x0000000707200000|100%| O|  |TAMS 0x0000000707000000, 0x0000000707000000| Untracked 
|  45|0x0000000707200000, 0x0000000707400000, 0x0000000707400000|100%| O|  |TAMS 0x0000000707200000, 0x0000000707200000| Untracked 
|  46|0x0000000707400000, 0x0000000707600000, 0x0000000707600000|100%| O|  |TAMS 0x0000000707400000, 0x0000000707400000| Untracked 
|  47|0x0000000707600000, 0x0000000707800000, 0x0000000707800000|100%| O|  |TAMS 0x0000000707600000, 0x0000000707600000| Untracked 
|  48|0x0000000707800000, 0x0000000707a00000, 0x0000000707a00000|100%| O|  |TAMS 0x0000000707800000, 0x0000000707800000| Untracked 
|  49|0x0000000707a00000, 0x0000000707c00000, 0x0000000707c00000|100%| O|  |TAMS 0x0000000707a00000, 0x0000000707a00000| Untracked 
|  50|0x0000000707c00000, 0x0000000707e00000, 0x0000000707e00000|100%| O|  |TAMS 0x0000000707c00000, 0x0000000707c00000| Untracked 
|  51|0x0000000707e00000, 0x0000000708000000, 0x0000000708000000|100%| O|  |TAMS 0x0000000707e00000, 0x0000000707e00000| Untracked 
|  52|0x0000000708000000, 0x0000000708200000, 0x0000000708200000|100%| O|  |TAMS 0x0000000708000000, 0x0000000708000000| Untracked 
|  53|0x0000000708200000, 0x0000000708400000, 0x0000000708400000|100%| O|  |TAMS 0x0000000708200000, 0x0000000708200000| Untracked 
|  54|0x0000000708400000, 0x0000000708600000, 0x0000000708600000|100%| O|  |TAMS 0x0000000708400000, 0x0000000708400000| Untracked 
|  55|0x0000000708600000, 0x0000000708800000, 0x0000000708800000|100%| O|  |TAMS 0x0000000708600000, 0x0000000708600000| Untracked 
|  56|0x0000000708800000, 0x0000000708a00000, 0x0000000708a00000|100%| O|  |TAMS 0x0000000708800000, 0x0000000708800000| Untracked 
|  57|0x0000000708a00000, 0x0000000708c00000, 0x0000000708c00000|100%| O|  |TAMS 0x0000000708a00000, 0x0000000708a00000| Untracked 
|  58|0x0000000708c00000, 0x0000000708e00000, 0x0000000708e00000|100%| O|  |TAMS 0x0000000708c00000, 0x0000000708c00000| Untracked 
|  59|0x0000000708e00000, 0x0000000709000000, 0x0000000709000000|100%| O|  |TAMS 0x0000000708e00000, 0x0000000708e00000| Untracked 
|  60|0x0000000709000000, 0x0000000709200000, 0x0000000709200000|100%| O|  |TAMS 0x0000000709000000, 0x0000000709000000| Untracked 
|  61|0x0000000709200000, 0x0000000709400000, 0x0000000709400000|100%| O|  |TAMS 0x0000000709200000, 0x0000000709200000| Untracked 
|  62|0x0000000709400000, 0x0000000709600000, 0x0000000709600000|100%| O|  |TAMS 0x0000000709400000, 0x0000000709400000| Untracked 
|  63|0x0000000709600000, 0x0000000709800000, 0x0000000709800000|100%| O|  |TAMS 0x0000000709600000, 0x0000000709600000| Untracked 
|  64|0x0000000709800000, 0x00000007098cc400, 0x0000000709a00000| 39%| O|  |TAMS 0x0000000709800000, 0x0000000709800000| Untracked 
|  65|0x0000000709a00000, 0x0000000709a00000, 0x0000000709c00000|  0%| F|  |TAMS 0x0000000709a00000, 0x0000000709a00000| Untracked 
|  66|0x0000000709c00000, 0x0000000709c00000, 0x0000000709e00000|  0%| F|  |TAMS 0x0000000709c00000, 0x0000000709c00000| Untracked 
|  67|0x0000000709e00000, 0x0000000709e00000, 0x000000070a000000|  0%| F|  |TAMS 0x0000000709e00000, 0x0000000709e00000| Untracked 
|  68|0x000000070a000000, 0x000000070a000000, 0x000000070a200000|  0%| F|  |TAMS 0x000000070a000000, 0x000000070a000000| Untracked 
|  69|0x000000070a200000, 0x000000070a200000, 0x000000070a400000|  0%| F|  |TAMS 0x000000070a200000, 0x000000070a200000| Untracked 
|  70|0x000000070a400000, 0x000000070a400000, 0x000000070a600000|  0%| F|  |TAMS 0x000000070a400000, 0x000000070a400000| Untracked 
|  71|0x000000070a600000, 0x000000070a600000, 0x000000070a800000|  0%| F|  |TAMS 0x000000070a600000, 0x000000070a600000| Untracked 
|  72|0x000000070a800000, 0x000000070a800000, 0x000000070aa00000|  0%| F|  |TAMS 0x000000070a800000, 0x000000070a800000| Untracked 
|  73|0x000000070aa00000, 0x000000070aa00000, 0x000000070ac00000|  0%| F|  |TAMS 0x000000070aa00000, 0x000000070aa00000| Untracked 
|  74|0x000000070ac00000, 0x000000070ac00000, 0x000000070ae00000|  0%| F|  |TAMS 0x000000070ac00000, 0x000000070ac00000| Untracked 
|  75|0x000000070ae00000, 0x000000070ae00000, 0x000000070b000000|  0%| F|  |TAMS 0x000000070ae00000, 0x000000070ae00000| Untracked 
|  76|0x000000070b000000, 0x000000070b000000, 0x000000070b200000|  0%| F|  |TAMS 0x000000070b000000, 0x000000070b000000| Untracked 
|  77|0x000000070b200000, 0x000000070b200000, 0x000000070b400000|  0%| F|  |TAMS 0x000000070b200000, 0x000000070b200000| Untracked 
|  78|0x000000070b400000, 0x000000070b400000, 0x000000070b600000|  0%| F|  |TAMS 0x000000070b400000, 0x000000070b400000| Untracked 
|  79|0x000000070b600000, 0x000000070b600000, 0x000000070b800000|  0%| F|  |TAMS 0x000000070b600000, 0x000000070b600000| Untracked 
|  80|0x000000070b800000, 0x000000070b800000, 0x000000070ba00000|  0%| F|  |TAMS 0x000000070b800000, 0x000000070b800000| Untracked 
|  81|0x000000070ba00000, 0x000000070ba00000, 0x000000070bc00000|  0%| F|  |TAMS 0x000000070ba00000, 0x000000070ba00000| Untracked 
|  82|0x000000070bc00000, 0x000000070bc23a60, 0x000000070be00000|  6%| O|  |TAMS 0x000000070bc00000, 0x000000070bc00000| Untracked 
|  83|0x000000070be00000, 0x000000070be00000, 0x000000070c000000|  0%| F|  |TAMS 0x000000070be00000, 0x000000070be00000| Untracked 
|  84|0x000000070c000000, 0x000000070c000000, 0x000000070c200000|  0%| F|  |TAMS 0x000000070c000000, 0x000000070c000000| Untracked 
|  85|0x000000070c200000, 0x000000070c200000, 0x000000070c400000|  0%| F|  |TAMS 0x000000070c200000, 0x000000070c200000| Untracked 
|  86|0x000000070c400000, 0x000000070c400000, 0x000000070c600000|  0%| F|  |TAMS 0x000000070c400000, 0x000000070c400000| Untracked 
|  87|0x000000070c600000, 0x000000070c600000, 0x000000070c800000|  0%| F|  |TAMS 0x000000070c600000, 0x000000070c600000| Untracked 
|  88|0x000000070c800000, 0x000000070c800000, 0x000000070ca00000|  0%| F|  |TAMS 0x000000070c800000, 0x000000070c800000| Untracked 
|  89|0x000000070ca00000, 0x000000070ca00000, 0x000000070cc00000|  0%| F|  |TAMS 0x000000070ca00000, 0x000000070ca00000| Untracked 
|  90|0x000000070cc00000, 0x000000070cc00000, 0x000000070ce00000|  0%| F|  |TAMS 0x000000070cc00000, 0x000000070cc00000| Untracked 
|  91|0x000000070ce00000, 0x000000070ce00000, 0x000000070d000000|  0%| F|  |TAMS 0x000000070ce00000, 0x000000070ce00000| Untracked 
|  92|0x000000070d000000, 0x000000070d000000, 0x000000070d200000|  0%| F|  |TAMS 0x000000070d000000, 0x000000070d000000| Untracked 
|  93|0x000000070d200000, 0x000000070d200000, 0x000000070d400000|  0%| F|  |TAMS 0x000000070d200000, 0x000000070d200000| Untracked 
|  94|0x000000070d400000, 0x000000070d400000, 0x000000070d600000|  0%| F|  |TAMS 0x000000070d400000, 0x000000070d400000| Untracked 
|  95|0x000000070d600000, 0x000000070d600000, 0x000000070d800000|  0%| F|  |TAMS 0x000000070d600000, 0x000000070d600000| Untracked 
|  96|0x000000070d800000, 0x000000070d800000, 0x000000070da00000|  0%| F|  |TAMS 0x000000070d800000, 0x000000070d800000| Untracked 
|  97|0x000000070da00000, 0x000000070da00000, 0x000000070dc00000|  0%| F|  |TAMS 0x000000070da00000, 0x000000070da00000| Untracked 
|  98|0x000000070dc00000, 0x000000070dc00000, 0x000000070de00000|  0%| F|  |TAMS 0x000000070dc00000, 0x000000070dc00000| Untracked 
|  99|0x000000070de00000, 0x000000070de00000, 0x000000070e000000|  0%| F|  |TAMS 0x000000070de00000, 0x000000070de00000| Untracked 
| 100|0x000000070e000000, 0x000000070e000000, 0x000000070e200000|  0%| F|  |TAMS 0x000000070e000000, 0x000000070e000000| Untracked 
| 101|0x000000070e200000, 0x000000070e200000, 0x000000070e400000|  0%| F|  |TAMS 0x000000070e200000, 0x000000070e200000| Untracked 
| 102|0x000000070e400000, 0x000000070e400000, 0x000000070e600000|  0%| F|  |TAMS 0x000000070e400000, 0x000000070e400000| Untracked 
| 103|0x000000070e600000, 0x000000070e600000, 0x000000070e800000|  0%| F|  |TAMS 0x000000070e600000, 0x000000070e600000| Untracked 
| 104|0x000000070e800000, 0x000000070e800000, 0x000000070ea00000|  0%| F|  |TAMS 0x000000070e800000, 0x000000070e800000| Untracked 
| 105|0x000000070ea00000, 0x000000070ea00000, 0x000000070ec00000|  0%| F|  |TAMS 0x000000070ea00000, 0x000000070ea00000| Untracked 
| 106|0x000000070ec00000, 0x000000070ec00000, 0x000000070ee00000|  0%| F|  |TAMS 0x000000070ec00000, 0x000000070ec00000| Untracked 
| 107|0x000000070ee00000, 0x000000070ee00000, 0x000000070f000000|  0%| F|  |TAMS 0x000000070ee00000, 0x000000070ee00000| Untracked 
| 108|0x000000070f000000, 0x000000070f000000, 0x000000070f200000|  0%| F|  |TAMS 0x000000070f000000, 0x000000070f000000| Untracked 
| 109|0x000000070f200000, 0x000000070f200000, 0x000000070f400000|  0%| F|  |TAMS 0x000000070f200000, 0x000000070f200000| Untracked 
| 110|0x000000070f400000, 0x000000070f400000, 0x000000070f600000|  0%| F|  |TAMS 0x000000070f400000, 0x000000070f400000| Untracked 
| 111|0x000000070f600000, 0x000000070f600000, 0x000000070f800000|  0%| F|  |TAMS 0x000000070f600000, 0x000000070f600000| Untracked 
| 112|0x000000070f800000, 0x000000070f800000, 0x000000070fa00000|  0%| F|  |TAMS 0x000000070f800000, 0x000000070f800000| Untracked 
| 113|0x000000070fa00000, 0x000000070fa00000, 0x000000070fc00000|  0%| F|  |TAMS 0x000000070fa00000, 0x000000070fa00000| Untracked 
| 114|0x000000070fc00000, 0x000000070fc00000, 0x000000070fe00000|  0%| F|  |TAMS 0x000000070fc00000, 0x000000070fc00000| Untracked 
| 115|0x000000070fe00000, 0x000000070fe00000, 0x0000000710000000|  0%| F|  |TAMS 0x000000070fe00000, 0x000000070fe00000| Untracked 
| 116|0x0000000710000000, 0x0000000710000000, 0x0000000710200000|  0%| F|  |TAMS 0x0000000710000000, 0x0000000710000000| Untracked 
| 117|0x0000000710200000, 0x0000000710200000, 0x0000000710400000|  0%| F|  |TAMS 0x0000000710200000, 0x0000000710200000| Untracked 
| 118|0x0000000710400000, 0x0000000710400000, 0x0000000710600000|  0%| F|  |TAMS 0x0000000710400000, 0x0000000710400000| Untracked 
| 119|0x0000000710600000, 0x0000000710600000, 0x0000000710800000|  0%| F|  |TAMS 0x0000000710600000, 0x0000000710600000| Untracked 
| 120|0x0000000710800000, 0x0000000710800000, 0x0000000710a00000|  0%| F|  |TAMS 0x0000000710800000, 0x0000000710800000| Untracked 
| 121|0x0000000710a00000, 0x0000000710a00000, 0x0000000710c00000|  0%| F|  |TAMS 0x0000000710a00000, 0x0000000710a00000| Untracked 
| 122|0x0000000710c00000, 0x0000000710c00000, 0x0000000710e00000|  0%| F|  |TAMS 0x0000000710c00000, 0x0000000710c00000| Untracked 
| 123|0x0000000710e00000, 0x0000000710e00000, 0x0000000711000000|  0%| F|  |TAMS 0x0000000710e00000, 0x0000000710e00000| Untracked 
| 124|0x0000000711000000, 0x0000000711000000, 0x0000000711200000|  0%| F|  |TAMS 0x0000000711000000, 0x0000000711000000| Untracked 
| 125|0x0000000711200000, 0x0000000711200000, 0x0000000711400000|  0%| F|  |TAMS 0x0000000711200000, 0x0000000711200000| Untracked 
| 126|0x0000000711400000, 0x0000000711400000, 0x0000000711600000|  0%| F|  |TAMS 0x0000000711400000, 0x0000000711400000| Untracked 
| 127|0x0000000711600000, 0x0000000711600000, 0x0000000711800000|  0%| F|  |TAMS 0x0000000711600000, 0x0000000711600000| Untracked 
| 128|0x0000000711800000, 0x0000000711800000, 0x0000000711a00000|  0%| F|  |TAMS 0x0000000711800000, 0x0000000711800000| Untracked 
| 129|0x0000000711a00000, 0x0000000711a00000, 0x0000000711c00000|  0%| F|  |TAMS 0x0000000711a00000, 0x0000000711a00000| Untracked 
| 130|0x0000000711c00000, 0x0000000711c00000, 0x0000000711e00000|  0%| F|  |TAMS 0x0000000711c00000, 0x0000000711c00000| Untracked 
| 131|0x0000000711e00000, 0x0000000711e00000, 0x0000000712000000|  0%| F|  |TAMS 0x0000000711e00000, 0x0000000711e00000| Untracked 
| 132|0x0000000712000000, 0x0000000712000000, 0x0000000712200000|  0%| F|  |TAMS 0x0000000712000000, 0x0000000712000000| Untracked 
| 133|0x0000000712200000, 0x0000000712200000, 0x0000000712400000|  0%| F|  |TAMS 0x0000000712200000, 0x0000000712200000| Untracked 
| 134|0x0000000712400000, 0x0000000712400000, 0x0000000712600000|  0%| F|  |TAMS 0x0000000712400000, 0x0000000712400000| Untracked 
| 135|0x0000000712600000, 0x0000000712600000, 0x0000000712800000|  0%| F|  |TAMS 0x0000000712600000, 0x0000000712600000| Untracked 
| 136|0x0000000712800000, 0x0000000712800000, 0x0000000712a00000|  0%| F|  |TAMS 0x0000000712800000, 0x0000000712800000| Untracked 
| 137|0x0000000712a00000, 0x0000000712a00000, 0x0000000712c00000|  0%| F|  |TAMS 0x0000000712a00000, 0x0000000712a00000| Untracked 
| 138|0x0000000712c00000, 0x0000000712c00000, 0x0000000712e00000|  0%| F|  |TAMS 0x0000000712c00000, 0x0000000712c00000| Untracked 
| 139|0x0000000712e00000, 0x0000000712e00000, 0x0000000713000000|  0%| F|  |TAMS 0x0000000712e00000, 0x0000000712e00000| Untracked 
| 140|0x0000000713000000, 0x0000000713000000, 0x0000000713200000|  0%| F|  |TAMS 0x0000000713000000, 0x0000000713000000| Untracked 
| 141|0x0000000713200000, 0x0000000713200000, 0x0000000713400000|  0%| F|  |TAMS 0x0000000713200000, 0x0000000713200000| Untracked 
| 142|0x0000000713400000, 0x0000000713400000, 0x0000000713600000|  0%| F|  |TAMS 0x0000000713400000, 0x0000000713400000| Untracked 
| 143|0x0000000713600000, 0x0000000713600000, 0x0000000713800000|  0%| F|  |TAMS 0x0000000713600000, 0x0000000713600000| Untracked 
| 144|0x0000000713800000, 0x0000000713800000, 0x0000000713a00000|  0%| F|  |TAMS 0x0000000713800000, 0x0000000713800000| Untracked 
| 145|0x0000000713a00000, 0x0000000713a00000, 0x0000000713c00000|  0%| F|  |TAMS 0x0000000713a00000, 0x0000000713a00000| Untracked 
| 146|0x0000000713c00000, 0x0000000713c00000, 0x0000000713e00000|  0%| F|  |TAMS 0x0000000713c00000, 0x0000000713c00000| Untracked 
| 147|0x0000000713e00000, 0x0000000713e00000, 0x0000000714000000|  0%| F|  |TAMS 0x0000000713e00000, 0x0000000713e00000| Untracked 
| 148|0x0000000714000000, 0x0000000714000000, 0x0000000714200000|  0%| F|  |TAMS 0x0000000714000000, 0x0000000714000000| Untracked 
| 149|0x0000000714200000, 0x0000000714200000, 0x0000000714400000|  0%| F|  |TAMS 0x0000000714200000, 0x0000000714200000| Untracked 
| 150|0x0000000714400000, 0x0000000714400000, 0x0000000714600000|  0%| F|  |TAMS 0x0000000714400000, 0x0000000714400000| Untracked 
| 151|0x0000000714600000, 0x0000000714600000, 0x0000000714800000|  0%| F|  |TAMS 0x0000000714600000, 0x0000000714600000| Untracked 
| 152|0x0000000714800000, 0x0000000714800000, 0x0000000714a00000|  0%| F|  |TAMS 0x0000000714800000, 0x0000000714800000| Untracked 
| 153|0x0000000714a00000, 0x0000000714a00000, 0x0000000714c00000|  0%| F|  |TAMS 0x0000000714a00000, 0x0000000714a00000| Untracked 
| 154|0x0000000714c00000, 0x0000000714c00000, 0x0000000714e00000|  0%| F|  |TAMS 0x0000000714c00000, 0x0000000714c00000| Untracked 
| 155|0x0000000714e00000, 0x0000000714e00000, 0x0000000715000000|  0%| F|  |TAMS 0x0000000714e00000, 0x0000000714e00000| Untracked 
| 156|0x0000000715000000, 0x0000000715000000, 0x0000000715200000|  0%| F|  |TAMS 0x0000000715000000, 0x0000000715000000| Untracked 
| 157|0x0000000715200000, 0x0000000715200000, 0x0000000715400000|  0%| F|  |TAMS 0x0000000715200000, 0x0000000715200000| Untracked 
| 158|0x0000000715400000, 0x0000000715400000, 0x0000000715600000|  0%| F|  |TAMS 0x0000000715400000, 0x0000000715400000| Untracked 
| 159|0x0000000715600000, 0x0000000715600000, 0x0000000715800000|  0%| F|  |TAMS 0x0000000715600000, 0x0000000715600000| Untracked 
| 160|0x0000000715800000, 0x0000000715800000, 0x0000000715a00000|  0%| F|  |TAMS 0x0000000715800000, 0x0000000715800000| Untracked 
| 161|0x0000000715a00000, 0x0000000715a00000, 0x0000000715c00000|  0%| F|  |TAMS 0x0000000715a00000, 0x0000000715a00000| Untracked 
| 162|0x0000000715c00000, 0x0000000715c00000, 0x0000000715e00000|  0%| F|  |TAMS 0x0000000715c00000, 0x0000000715c00000| Untracked 
| 163|0x0000000715e00000, 0x0000000715e00000, 0x0000000716000000|  0%| F|  |TAMS 0x0000000715e00000, 0x0000000715e00000| Untracked 
| 164|0x0000000716000000, 0x0000000716000000, 0x0000000716200000|  0%| F|  |TAMS 0x0000000716000000, 0x0000000716000000| Untracked 
| 165|0x0000000716200000, 0x0000000716200000, 0x0000000716400000|  0%| F|  |TAMS 0x0000000716200000, 0x0000000716200000| Untracked 
| 166|0x0000000716400000, 0x0000000716400000, 0x0000000716600000|  0%| F|  |TAMS 0x0000000716400000, 0x0000000716400000| Untracked 
| 167|0x0000000716600000, 0x0000000716600000, 0x0000000716800000|  0%| F|  |TAMS 0x0000000716600000, 0x0000000716600000| Untracked 
| 168|0x0000000716800000, 0x0000000716800000, 0x0000000716a00000|  0%| F|  |TAMS 0x0000000716800000, 0x0000000716800000| Untracked 
| 169|0x0000000716a00000, 0x0000000716a00000, 0x0000000716c00000|  0%| F|  |TAMS 0x0000000716a00000, 0x0000000716a00000| Untracked 
| 170|0x0000000716c00000, 0x0000000716c00000, 0x0000000716e00000|  0%| F|  |TAMS 0x0000000716c00000, 0x0000000716c00000| Untracked 
| 171|0x0000000716e00000, 0x0000000716e00000, 0x0000000717000000|  0%| F|  |TAMS 0x0000000716e00000, 0x0000000716e00000| Untracked 
| 172|0x0000000717000000, 0x0000000717000000, 0x0000000717200000|  0%| F|  |TAMS 0x0000000717000000, 0x0000000717000000| Untracked 
| 173|0x0000000717200000, 0x0000000717200000, 0x0000000717400000|  0%| F|  |TAMS 0x0000000717200000, 0x0000000717200000| Untracked 
| 174|0x0000000717400000, 0x0000000717400000, 0x0000000717600000|  0%| F|  |TAMS 0x0000000717400000, 0x0000000717400000| Untracked 
| 175|0x0000000717600000, 0x0000000717600000, 0x0000000717800000|  0%| F|  |TAMS 0x0000000717600000, 0x0000000717600000| Untracked 
| 176|0x0000000717800000, 0x0000000717800000, 0x0000000717a00000|  0%| F|  |TAMS 0x0000000717800000, 0x0000000717800000| Untracked 
| 177|0x0000000717a00000, 0x0000000717a00000, 0x0000000717c00000|  0%| F|  |TAMS 0x0000000717a00000, 0x0000000717a00000| Untracked 
| 178|0x0000000717c00000, 0x0000000717c00000, 0x0000000717e00000|  0%| F|  |TAMS 0x0000000717c00000, 0x0000000717c00000| Untracked 
| 179|0x0000000717e00000, 0x0000000717e00000, 0x0000000718000000|  0%| F|  |TAMS 0x0000000717e00000, 0x0000000717e00000| Untracked 
| 180|0x0000000718000000, 0x0000000718000000, 0x0000000718200000|  0%| F|  |TAMS 0x0000000718000000, 0x0000000718000000| Untracked 
| 181|0x0000000718200000, 0x0000000718200000, 0x0000000718400000|  0%| F|  |TAMS 0x0000000718200000, 0x0000000718200000| Untracked 
| 182|0x0000000718400000, 0x0000000718400000, 0x0000000718600000|  0%| F|  |TAMS 0x0000000718400000, 0x0000000718400000| Untracked 
| 183|0x0000000718600000, 0x0000000718600000, 0x0000000718800000|  0%| F|  |TAMS 0x0000000718600000, 0x0000000718600000| Untracked 
| 184|0x0000000718800000, 0x0000000718800000, 0x0000000718a00000|  0%| F|  |TAMS 0x0000000718800000, 0x0000000718800000| Untracked 
| 185|0x0000000718a00000, 0x0000000718a00000, 0x0000000718c00000|  0%| F|  |TAMS 0x0000000718a00000, 0x0000000718a00000| Untracked 
| 186|0x0000000718c00000, 0x0000000718c00000, 0x0000000718e00000|  0%| F|  |TAMS 0x0000000718c00000, 0x0000000718c00000| Untracked 
| 187|0x0000000718e00000, 0x0000000718e00000, 0x0000000719000000|  0%| F|  |TAMS 0x0000000718e00000, 0x0000000718e00000| Untracked 
| 188|0x0000000719000000, 0x0000000719000000, 0x0000000719200000|  0%| F|  |TAMS 0x0000000719000000, 0x0000000719000000| Untracked 
| 189|0x0000000719200000, 0x0000000719200000, 0x0000000719400000|  0%| F|  |TAMS 0x0000000719200000, 0x0000000719200000| Untracked 
| 190|0x0000000719400000, 0x000000071941f3e8, 0x0000000719600000|  6%| O|  |TAMS 0x0000000719400000, 0x0000000719400000| Untracked 
| 191|0x0000000719600000, 0x0000000719600000, 0x0000000719800000|  0%| F|  |TAMS 0x0000000719600000, 0x0000000719600000| Untracked 
| 192|0x0000000719800000, 0x0000000719800000, 0x0000000719a00000|  0%| F|  |TAMS 0x0000000719800000, 0x0000000719800000| Untracked 
| 193|0x0000000719a00000, 0x0000000719a00000, 0x0000000719c00000|  0%| F|  |TAMS 0x0000000719a00000, 0x0000000719a00000| Untracked 
| 194|0x0000000719c00000, 0x0000000719c00000, 0x0000000719e00000|  0%| F|  |TAMS 0x0000000719c00000, 0x0000000719c00000| Untracked 
| 195|0x0000000719e00000, 0x0000000719e00000, 0x000000071a000000|  0%| F|  |TAMS 0x0000000719e00000, 0x0000000719e00000| Untracked 
| 196|0x000000071a000000, 0x000000071a000000, 0x000000071a200000|  0%| F|  |TAMS 0x000000071a000000, 0x000000071a000000| Untracked 
| 197|0x000000071a200000, 0x000000071a200000, 0x000000071a400000|  0%| F|  |TAMS 0x000000071a200000, 0x000000071a200000| Untracked 
| 198|0x000000071a400000, 0x000000071a400000, 0x000000071a600000|  0%| F|  |TAMS 0x000000071a400000, 0x000000071a400000| Untracked 
| 199|0x000000071a600000, 0x000000071a600000, 0x000000071a800000|  0%| F|  |TAMS 0x000000071a600000, 0x000000071a600000| Untracked 
| 200|0x000000071a800000, 0x000000071a800000, 0x000000071aa00000|  0%| F|  |TAMS 0x000000071a800000, 0x000000071a800000| Untracked 
| 201|0x000000071aa00000, 0x000000071aa00000, 0x000000071ac00000|  0%| F|  |TAMS 0x000000071aa00000, 0x000000071aa00000| Untracked 
| 202|0x000000071ac00000, 0x000000071ac00000, 0x000000071ae00000|  0%| F|  |TAMS 0x000000071ac00000, 0x000000071ac00000| Untracked 
| 203|0x000000071ae00000, 0x000000071ae00000, 0x000000071b000000|  0%| F|  |TAMS 0x000000071ae00000, 0x000000071ae00000| Untracked 
| 204|0x000000071b000000, 0x000000071b000000, 0x000000071b200000|  0%| F|  |TAMS 0x000000071b000000, 0x000000071b000000| Untracked 
| 205|0x000000071b200000, 0x000000071b32a600, 0x000000071b400000| 58%| S|CS|TAMS 0x000000071b200000, 0x000000071b200000| Complete 
| 206|0x000000071b400000, 0x000000071b600000, 0x000000071b600000|100%| S|CS|TAMS 0x000000071b400000, 0x000000071b400000| Complete 
| 207|0x000000071b600000, 0x000000071b600000, 0x000000071b800000|  0%| F|  |TAMS 0x000000071b600000, 0x000000071b600000| Untracked 
| 208|0x000000071b800000, 0x000000071b800000, 0x000000071ba00000|  0%| F|  |TAMS 0x000000071b800000, 0x000000071b800000| Untracked 
| 209|0x000000071ba00000, 0x000000071ba00000, 0x000000071bc00000|  0%| F|  |TAMS 0x000000071ba00000, 0x000000071ba00000| Untracked 
| 210|0x000000071bc00000, 0x000000071bc00000, 0x000000071be00000|  0%| F|  |TAMS 0x000000071bc00000, 0x000000071bc00000| Untracked 
| 211|0x000000071be00000, 0x000000071be00000, 0x000000071c000000|  0%| F|  |TAMS 0x000000071be00000, 0x000000071be00000| Untracked 
| 212|0x000000071c000000, 0x000000071c000000, 0x000000071c200000|  0%| F|  |TAMS 0x000000071c000000, 0x000000071c000000| Untracked 
| 213|0x000000071c200000, 0x000000071c200000, 0x000000071c400000|  0%| F|  |TAMS 0x000000071c200000, 0x000000071c200000| Untracked 
| 214|0x000000071c400000, 0x000000071c400000, 0x000000071c600000|  0%| F|  |TAMS 0x000000071c400000, 0x000000071c400000| Untracked 
| 215|0x000000071c600000, 0x000000071c6f5c10, 0x000000071c800000| 47%| O|  |TAMS 0x000000071c600000, 0x000000071c600000| Untracked 
| 216|0x000000071c800000, 0x000000071c800000, 0x000000071ca00000|  0%| F|  |TAMS 0x000000071c800000, 0x000000071c800000| Untracked 
| 217|0x000000071ca00000, 0x000000071cc00000, 0x000000071cc00000|100%| O|  |TAMS 0x000000071cc00000, 0x000000071ca00000| Untracked 
| 218|0x000000071cc00000, 0x000000071ce00000, 0x000000071ce00000|100%| O|  |TAMS 0x000000071ce00000, 0x000000071cc00000| Untracked 
| 219|0x000000071ce00000, 0x000000071d000000, 0x000000071d000000|100%| O|  |TAMS 0x000000071d000000, 0x000000071ce00000| Untracked 
| 220|0x000000071d000000, 0x000000071d000000, 0x000000071d200000|  0%| F|  |TAMS 0x000000071d000000, 0x000000071d000000| Untracked 
| 221|0x000000071d200000, 0x000000071d200000, 0x000000071d400000|  0%| F|  |TAMS 0x000000071d200000, 0x000000071d200000| Untracked 
| 222|0x000000071d400000, 0x000000071d400000, 0x000000071d600000|  0%| F|  |TAMS 0x000000071d400000, 0x000000071d400000| Untracked 
| 223|0x000000071d600000, 0x000000071d600000, 0x000000071d800000|  0%| F|  |TAMS 0x000000071d600000, 0x000000071d600000| Untracked 
| 224|0x000000071d800000, 0x000000071d800000, 0x000000071da00000|  0%| F|  |TAMS 0x000000071d800000, 0x000000071d800000| Untracked 
| 225|0x000000071da00000, 0x000000071da00000, 0x000000071dc00000|  0%| F|  |TAMS 0x000000071da00000, 0x000000071da00000| Untracked 
| 226|0x000000071dc00000, 0x000000071dc00000, 0x000000071de00000|  0%| F|  |TAMS 0x000000071dc00000, 0x000000071dc00000| Untracked 
| 227|0x000000071de00000, 0x000000071de00000, 0x000000071e000000|  0%| F|  |TAMS 0x000000071de00000, 0x000000071de00000| Untracked 
| 228|0x000000071e000000, 0x000000071e000000, 0x000000071e200000|  0%| F|  |TAMS 0x000000071e000000, 0x000000071e000000| Untracked 
| 229|0x000000071e200000, 0x000000071e200000, 0x000000071e400000|  0%| F|  |TAMS 0x000000071e200000, 0x000000071e200000| Untracked 
| 230|0x000000071e400000, 0x000000071e400000, 0x000000071e600000|  0%| F|  |TAMS 0x000000071e400000, 0x000000071e400000| Untracked 
| 231|0x000000071e600000, 0x000000071e600000, 0x000000071e800000|  0%| F|  |TAMS 0x000000071e600000, 0x000000071e600000| Untracked 
| 232|0x000000071e800000, 0x000000071e800000, 0x000000071ea00000|  0%| F|  |TAMS 0x000000071e800000, 0x000000071e800000| Untracked 
| 233|0x000000071ea00000, 0x000000071ea00000, 0x000000071ec00000|  0%| F|  |TAMS 0x000000071ea00000, 0x000000071ea00000| Untracked 
| 234|0x000000071ec00000, 0x000000071ec00000, 0x000000071ee00000|  0%| F|  |TAMS 0x000000071ec00000, 0x000000071ec00000| Untracked 
| 235|0x000000071ee00000, 0x000000071ee00000, 0x000000071f000000|  0%| F|  |TAMS 0x000000071ee00000, 0x000000071ee00000| Untracked 
| 236|0x000000071f000000, 0x000000071f000000, 0x000000071f200000|  0%| F|  |TAMS 0x000000071f000000, 0x000000071f000000| Untracked 
| 237|0x000000071f200000, 0x000000071f200000, 0x000000071f400000|  0%| F|  |TAMS 0x000000071f200000, 0x000000071f200000| Untracked 
| 238|0x000000071f400000, 0x000000071f400000, 0x000000071f600000|  0%| F|  |TAMS 0x000000071f400000, 0x000000071f400000| Untracked 
| 239|0x000000071f600000, 0x000000071f66c6d0, 0x000000071f800000| 21%| E|  |TAMS 0x000000071f600000, 0x000000071f600000| Complete 
| 240|0x000000071f800000, 0x000000071f982f60, 0x000000071fa00000| 75%| O|  |TAMS 0x000000071f800000, 0x000000071f800000| Untracked 
| 241|0x000000071fa00000, 0x000000071fc00000, 0x000000071fc00000|100%| E|CS|TAMS 0x000000071fa00000, 0x000000071fa00000| Complete 
| 242|0x000000071fc00000, 0x000000071fd032e0, 0x000000071fe00000| 50%| O|  |TAMS 0x000000071fc00000, 0x000000071fc00000| Untracked 
| 243|0x000000071fe00000, 0x0000000720000000, 0x0000000720000000|100%| E|CS|TAMS 0x000000071fe00000, 0x000000071fe00000| Complete 
| 244|0x0000000720000000, 0x000000072001eb08, 0x0000000720200000|  5%| O|  |TAMS 0x0000000720000000, 0x0000000720000000| Untracked 
| 245|0x0000000720200000, 0x000000072037d788, 0x0000000720400000| 74%| O|  |TAMS 0x0000000720200000, 0x0000000720200000| Untracked 
| 246|0x0000000720400000, 0x0000000720600000, 0x0000000720600000|100%| E|CS|TAMS 0x0000000720400000, 0x0000000720400000| Complete 
| 247|0x0000000720600000, 0x0000000720800000, 0x0000000720800000|100%| E|CS|TAMS 0x0000000720600000, 0x0000000720600000| Complete 
| 248|0x0000000720800000, 0x0000000720a00000, 0x0000000720a00000|100%| E|CS|TAMS 0x0000000720800000, 0x0000000720800000| Complete 
| 249|0x0000000720a00000, 0x0000000720c00000, 0x0000000720c00000|100%| E|CS|TAMS 0x0000000720a00000, 0x0000000720a00000| Complete 
| 250|0x0000000720c00000, 0x0000000720ce41f8, 0x0000000720e00000| 44%| O|  |TAMS 0x0000000720c00000, 0x0000000720c00000| Untracked 
| 251|0x0000000720e00000, 0x0000000721000000, 0x0000000721000000|100%| E|CS|TAMS 0x0000000720e00000, 0x0000000720e00000| Complete 
| 252|0x0000000721000000, 0x0000000721200000, 0x0000000721200000|100%| E|CS|TAMS 0x0000000721000000, 0x0000000721000000| Complete 
| 253|0x0000000721200000, 0x0000000721400000, 0x0000000721400000|100%| E|CS|TAMS 0x0000000721200000, 0x0000000721200000| Complete 
| 297|0x0000000726a00000, 0x0000000726c00000, 0x0000000726c00000|100%| E|CS|TAMS 0x0000000726a00000, 0x0000000726a00000| Complete 
| 328|0x000000072a800000, 0x000000072aa00000, 0x000000072aa00000|100%| E|CS|TAMS 0x000000072a800000, 0x000000072a800000| Complete 

Card table byte_map: [0x000001c47c480000,0x000001c47cc80000] _byte_map_base: 0x000001c478c74000

Marking Bits (Prev, Next): (CMBitMap*) 0x000001c47b114cd0, (CMBitMap*) 0x000001c47b114c90
 Prev Bits: [0x000001c41a9c0000, 0x000001c41e960000)
 Next Bits: [0x000001c416a20000, 0x000001c41a9c0000)

Polling page: 0x000001c4717b0000

Metaspace:

Usage:
  Non-class:     76.80 MB used.
      Class:     12.19 MB used.
       Both:     88.99 MB used.

Virtual space:
  Non-class space:      128.00 MB reserved,      77.19 MB ( 60%) committed,  2 nodes.
      Class space:        1.00 GB reserved,      12.56 MB (  1%) committed,  1 nodes.
             Both:        1.12 GB reserved,      89.75 MB (  8%) committed. 

Chunk freelists:
   Non-Class:  2.64 MB
       Class:  3.28 MB
        Both:  5.92 MB

MaxMetaspaceSize: unlimited
CompressedClassSpaceSize: 1.00 GB
Initial GC threshold: 21.00 MB
Current GC threshold: 92.31 MB
CDS: on
MetaspaceReclaimPolicy: balanced
 - commit_granule_bytes: 65536.
 - commit_granule_words: 8192.
 - virtual_space_node_default_size: 8388608.
 - enlarge_chunks_in_place: 1.
 - new_chunks_are_fully_committed: 0.
 - uncommit_free_chunks: 1.
 - use_allocation_guard: 0.
 - handle_deallocations: 1.


Internal statistics:

num_allocs_failed_limit: 6.
num_arena_births: 1286.
num_arena_deaths: 0.
num_vsnodes_births: 3.
num_vsnodes_deaths: 0.
num_space_committed: 1430.
num_space_uncommitted: 0.
num_chunks_returned_to_freelist: 6.
num_chunks_taken_from_freelist: 3717.
num_chunk_merges: 6.
num_chunk_splits: 2766.
num_chunks_enlarged: 2075.
num_inconsistent_stats: 0.

CodeHeap 'non-profiled nmethods': size=119168Kb used=21531Kb max_used=22220Kb free=97636Kb
 bounds [0x000001c40f5c0000, 0x000001c410b80000, 0x000001c416a20000]
CodeHeap 'profiled nmethods': size=119104Kb used=36040Kb max_used=37360Kb free=83063Kb
 bounds [0x000001c407a20000, 0x000001c409eb0000, 0x000001c40ee70000]
CodeHeap 'non-nmethods': size=7488Kb used=2352Kb max_used=3534Kb free=5136Kb
 bounds [0x000001c40ee70000, 0x000001c40f1f0000, 0x000001c40f5c0000]
 total_blobs=18780 nmethods=17524 adapters=1160
 compilation: enabled
              stopped_count=0, restarted_count=0
 full_count=0

Compilation events (20 events):
Event: 1279.264 Thread 0x000001c47b3c8260 23622   !   4       com.jidesoft.grid.TreeTableModel::getCellClassAt (66 bytes)
Event: 1279.265 Thread 0x000001c47b3c97b0 nmethod 23627 0x000001c409c02110 code [0x000001c409c029a0, 0x000001c409c07a28]
Event: 1279.266 Thread 0x000001c44618b3f0 23623   !   4       com.jidesoft.grid.TreeTableModel::getConverterContextAt (38 bytes)
Event: 1279.267 Thread 0x000001c47b3c8260 nmethod 23622 0x000001c41046aa10 code [0x000001c41046abc0, 0x000001c41046b298]
Event: 1279.267 Thread 0x000001c47b3c8260 23621       4       ui.utils.lnf.q::getDisabledIcon (36 bytes)
Event: 1279.268 Thread 0x000001c44618b3f0 nmethod 23623 0x000001c410947110 code [0x000001c4109472c0, 0x000001c410947918]
Event: 1279.268 Thread 0x000001c44618b3f0 23620       4       ui.utils.i.i.P$b$a::isEnabled (29 bytes)
Event: 1279.269 Thread 0x000001c44618b3f0 nmethod 23620 0x000001c41060c810 code [0x000001c41060c9a0, 0x000001c41060ca78]
Event: 1279.285 Thread 0x000001c47b3c8260 nmethod 23621 0x000001c41068e990 code [0x000001c41068ec60, 0x000001c410690698]
Event: 1279.366 Thread 0x000001c44618b3f0 23628       4       com.jidesoft.plaf.xerto.XertoDockableFrameUI::getMinimumSize (83 bytes)
Event: 1279.373 Thread 0x000001c44618b3f0 nmethod 23628 0x000001c40fb4fd10 code [0x000001c40fb4ff40, 0x000001c40fb50e78]
Event: 1279.376 Thread 0x000001c44618b3f0 23629       4       javax.swing.ScrollPaneLayout::preferredLayoutSize (496 bytes)
Event: 1279.405 Thread 0x000001c44618b3f0 nmethod 23629 0x000001c41096e890 code [0x000001c41096ebc0, 0x000001c410972080]
Event: 1279.469 Thread 0x000001c47b3c97b0 23630       3       ui.data.design.p::e (148 bytes)
Event: 1279.469 Thread 0x000001c446186d10 23631       3       ui.data.design.p::g (110 bytes)
Event: 1279.470 Thread 0x000001c446186d10 nmethod 23631 0x000001c4097cac10 code [0x000001c4097caec0, 0x000001c4097cc0d8]
Event: 1279.470 Thread 0x000001c446186d10 23632       3       ui.views.W.a.ad::ilP (49 bytes)
Event: 1279.470 Thread 0x000001c47b3c97b0 nmethod 23630 0x000001c409d78190 code [0x000001c409d78560, 0x000001c409d79c98]
Event: 1279.471 Thread 0x000001c446186d10 nmethod 23632 0x000001c4086df610 code [0x000001c4086df800, 0x000001c4086dfd88]
Event: 1279.471 Thread 0x000001c47b3c8260 23633   !   4       com.jidesoft.editor.SyntaxDocument::a (725 bytes)

GC Heap History (20 events):
Event: 1125.094 GC heap before
{Heap before GC invocations=58 (full 1):
 garbage-first heap   total 524288K, used 213715K [0x0000000701800000, 0x0000000800000000)
  region size 2048K, 40 young (81920K), 5 survivors (10240K)
 Metaspace       used 89668K, committed 90432K, reserved 1179648K
  class space    used 12358K, committed 12736K, reserved 1048576K
}
Event: 1125.097 GC heap after
{Heap after GC invocations=59 (full 1):
 garbage-first heap   total 524288K, used 136668K [0x0000000701800000, 0x0000000800000000)
  region size 2048K, 1 young (2048K), 1 survivors (2048K)
 Metaspace       used 89668K, committed 90432K, reserved 1179648K
  class space    used 12358K, committed 12736K, reserved 1048576K
}
Event: 1131.408 GC heap before
{Heap before GC invocations=59 (full 1):
 garbage-first heap   total 524288K, used 216540K [0x0000000701800000, 0x0000000800000000)
  region size 2048K, 40 young (81920K), 1 survivors (2048K)
 Metaspace       used 90168K, committed 90944K, reserved 1179648K
  class space    used 12417K, committed 12800K, reserved 1048576K
}
Event: 1131.417 GC heap after
{Heap after GC invocations=60 (full 1):
 garbage-first heap   total 524288K, used 140296K [0x0000000701800000, 0x0000000800000000)
  region size 2048K, 3 young (6144K), 3 survivors (6144K)
 Metaspace       used 90168K, committed 90944K, reserved 1179648K
  class space    used 12417K, committed 12800K, reserved 1048576K
}
Event: 1148.501 GC heap before
{Heap before GC invocations=60 (full 1):
 garbage-first heap   total 524288K, used 216072K [0x0000000701800000, 0x0000000800000000)
  region size 2048K, 40 young (81920K), 3 survivors (6144K)
 Metaspace       used 90206K, committed 91008K, reserved 1179648K
  class space    used 12417K, committed 12800K, reserved 1048576K
}
Event: 1148.507 GC heap after
{Heap after GC invocations=61 (full 1):
 garbage-first heap   total 524288K, used 140420K [0x0000000701800000, 0x0000000800000000)
  region size 2048K, 3 young (6144K), 3 survivors (6144K)
 Metaspace       used 90206K, committed 91008K, reserved 1179648K
  class space    used 12417K, committed 12800K, reserved 1048576K
}
Event: 1159.994 GC heap before
{Heap before GC invocations=61 (full 1):
 garbage-first heap   total 524288K, used 216196K [0x0000000701800000, 0x0000000800000000)
  region size 2048K, 40 young (81920K), 3 survivors (6144K)
 Metaspace       used 90242K, committed 91008K, reserved 1179648K
  class space    used 12417K, committed 12800K, reserved 1048576K
}
Event: 1160.009 GC heap after
{Heap after GC invocations=62 (full 1):
 garbage-first heap   total 524288K, used 143790K [0x0000000701800000, 0x0000000800000000)
  region size 2048K, 5 young (10240K), 5 survivors (10240K)
 Metaspace       used 90242K, committed 91008K, reserved 1179648K
  class space    used 12417K, committed 12800K, reserved 1048576K
}
Event: 1167.936 GC heap before
{Heap before GC invocations=62 (full 1):
 garbage-first heap   total 524288K, used 215470K [0x0000000701800000, 0x0000000800000000)
  region size 2048K, 40 young (81920K), 5 survivors (10240K)
 Metaspace       used 90264K, committed 91072K, reserved 1179648K
  class space    used 12417K, committed 12800K, reserved 1048576K
}
Event: 1167.950 GC heap after
{Heap after GC invocations=63 (full 1):
 garbage-first heap   total 524288K, used 142656K [0x0000000701800000, 0x0000000800000000)
  region size 2048K, 2 young (4096K), 2 survivors (4096K)
 Metaspace       used 90264K, committed 91072K, reserved 1179648K
  class space    used 12417K, committed 12800K, reserved 1048576K
}
Event: 1222.764 GC heap before
{Heap before GC invocations=63 (full 1):
 garbage-first heap   total 524288K, used 220480K [0x0000000701800000, 0x0000000800000000)
  region size 2048K, 40 young (81920K), 2 survivors (4096K)
 Metaspace       used 90448K, committed 91264K, reserved 1179648K
  class space    used 12456K, committed 12864K, reserved 1048576K
}
Event: 1222.780 GC heap after
{Heap after GC invocations=64 (full 1):
 garbage-first heap   total 524288K, used 141576K [0x0000000701800000, 0x0000000800000000)
  region size 2048K, 2 young (4096K), 2 survivors (4096K)
 Metaspace       used 90448K, committed 91264K, reserved 1179648K
  class space    used 12456K, committed 12864K, reserved 1048576K
}
Event: 1245.042 GC heap before
{Heap before GC invocations=64 (full 1):
 garbage-first heap   total 524288K, used 219400K [0x0000000701800000, 0x0000000800000000)
  region size 2048K, 40 young (81920K), 2 survivors (4096K)
 Metaspace       used 90724K, committed 91520K, reserved 1179648K
  class space    used 12474K, committed 12864K, reserved 1048576K
}
Event: 1245.056 GC heap after
{Heap after GC invocations=65 (full 1):
 garbage-first heap   total 524288K, used 142874K [0x0000000701800000, 0x0000000800000000)
  region size 2048K, 2 young (4096K), 2 survivors (4096K)
 Metaspace       used 90724K, committed 91520K, reserved 1179648K
  class space    used 12474K, committed 12864K, reserved 1048576K
}
Event: 1261.124 GC heap before
{Heap before GC invocations=65 (full 1):
 garbage-first heap   total 524288K, used 220698K [0x0000000701800000, 0x0000000800000000)
  region size 2048K, 40 young (81920K), 2 survivors (4096K)
 Metaspace       used 90804K, committed 91584K, reserved 1179648K
  class space    used 12474K, committed 12864K, reserved 1048576K
}
Event: 1261.133 GC heap after
{Heap after GC invocations=66 (full 1):
 garbage-first heap   total 524288K, used 143743K [0x0000000701800000, 0x0000000800000000)
  region size 2048K, 3 young (6144K), 3 survivors (6144K)
 Metaspace       used 90804K, committed 91584K, reserved 1179648K
  class space    used 12474K, committed 12864K, reserved 1048576K
}
Event: 1275.761 GC heap before
{Heap before GC invocations=66 (full 1):
 garbage-first heap   total 524288K, used 219519K [0x0000000701800000, 0x0000000800000000)
  region size 2048K, 40 young (81920K), 3 survivors (6144K)
 Metaspace       used 90829K, committed 91584K, reserved 1179648K
  class space    used 12474K, committed 12864K, reserved 1048576K
}
Event: 1275.766 GC heap after
{Heap after GC invocations=67 (full 1):
 garbage-first heap   total 524288K, used 143186K [0x0000000701800000, 0x0000000800000000)
  region size 2048K, 3 young (6144K), 3 survivors (6144K)
 Metaspace       used 90829K, committed 91584K, reserved 1179648K
  class space    used 12474K, committed 12864K, reserved 1048576K
}
Event: 1278.884 GC heap before
{Heap before GC invocations=67 (full 1):
 garbage-first heap   total 524288K, used 218962K [0x0000000701800000, 0x0000000800000000)
  region size 2048K, 40 young (81920K), 3 survivors (6144K)
 Metaspace       used 90958K, committed 91776K, reserved 1179648K
  class space    used 12480K, committed 12864K, reserved 1048576K
}
Event: 1278.890 GC heap after
{Heap after GC invocations=68 (full 1):
 garbage-first heap   total 524288K, used 142169K [0x0000000701800000, 0x0000000800000000)
  region size 2048K, 2 young (4096K), 2 survivors (4096K)
 Metaspace       used 90958K, committed 91776K, reserved 1179648K
  class space    used 12480K, committed 12864K, reserved 1048576K
}

Dll operation events (20 events):
Event: 12.430 Loaded shared library D:\Xilinx\Vivado\2023.2\lib\win64.o\librdi_vivadotasks.dll
Event: 12.437 Loaded shared library D:\Xilinx\Vivado\2023.2\lib\win64.o\librdi_board.dll
Event: 12.442 Loaded shared library D:\Xilinx\Vivado\2023.2\lib\win64.o\librdi_boarddep.dll
Event: 12.448 Loaded shared library D:\Xilinx\Vivado\2023.2\lib\win64.o\librdi_boardcommontasks.dll
Event: 12.450 Loaded shared library D:\Xilinx\Vivado\2023.2\lib\win64.o\librdi_ptgen.dll
Event: 12.451 Loaded shared library D:\Xilinx\Vivado\2023.2\lib\win64.o\librdi_ip.dll
Event: 12.452 Loaded shared library D:\Xilinx\Vivado\2023.2\lib\win64.o\librdi_mig.dll
Event: 12.454 Loaded shared library D:\Xilinx\Vivado\2023.2\lib\win64.o\librdi_implflow.dll
Event: 12.455 Loaded shared library D:\Xilinx\Vivado\2023.2\lib\win64.o\librdi_xhubtasks.dll
Event: 12.525 Loaded shared library D:\Xilinx\Vivado\2023.2\lib\win64.o\librdi_iptasks.dll
Event: 12.531 Loaded shared library D:\Xilinx\Vivado\2023.2\lib\win64.o\librdi_synth.dll
Event: 14.978 Loaded shared library D:\Xilinx\Vivado\2023.2\tps\win64\jre17.0.7_7\bin\verify.dll
Event: 15.592 Loaded shared library D:\Xilinx\Vivado\2023.2\tps\win64\jre17.0.7_7\bin\javajpeg.dll
Event: 15.636 Loaded shared library D:\Xilinx\Vivado\2023.2\tps\win64\jre17.0.7_7\bin\lcms.dll
Event: 16.426 Loaded shared library D:\Xilinx\Vivado\2023.2\tps\win64\jre17.0.7_7\bin\freetype.dll
Event: 16.449 Loaded shared library D:\Xilinx\Vivado\2023.2\tps\win64\jre17.0.7_7\bin\fontmanager.dll
Event: 24.678 Loaded shared library D:\Xilinx\Vivado\2023.2\lib\win64.o\librdi_xhub.dll
Event: 31.670 Loaded shared library D:\Xilinx\Vivado\2023.2\tps\win64\jre17.0.7_7\bin\management.dll
Event: 31.699 Loaded shared library D:\Xilinx\Vivado\2023.2\tps\win64\jre17.0.7_7\bin\management_ext.dll
Event: 215.870 Loaded shared library D:\Xilinx\Vivado\2023.2\lib\win64.o\nlview.dll

Deoptimization events (20 events):
Event: 1279.088 Thread 0x000001c4714cec10 DEOPT PACKING pc=0x000001c41048bbc8 sp=0x0000007e06ffc880
Event: 1279.088 Thread 0x000001c4714cec10 DEOPT UNPACKING pc=0x000001c40eec69a3 sp=0x0000007e06ffc848 mode 2
Event: 1279.088 Thread 0x000001c4714cec10 Uncommon trap: trap_request=0xffffffde fr.pc=0x000001c41048c8a0 relative=0x0000000000000560
Event: 1279.088 Thread 0x000001c4714cec10 Uncommon trap: reason=class_check action=maybe_recompile pc=0x000001c41048c8a0 method=com.jidesoft.grid.TreeTableModel.getCellClassAt(II)Ljava/lang/Class; @ 30 c2
Event: 1279.088 Thread 0x000001c4714cec10 DEOPT PACKING pc=0x000001c41048c8a0 sp=0x0000007e06ffc870
Event: 1279.088 Thread 0x000001c4714cec10 DEOPT UNPACKING pc=0x000001c40eec69a3 sp=0x0000007e06ffc840 mode 2
Event: 1279.088 Thread 0x000001c4714cec10 Uncommon trap: trap_request=0xffffffde fr.pc=0x000001c41048bbc8 relative=0x0000000000000508
Event: 1279.088 Thread 0x000001c4714cec10 Uncommon trap: reason=class_check action=maybe_recompile pc=0x000001c41048bbc8 method=com.jidesoft.grid.TreeTableModel.getConverterContextAt(II)Lcom/jidesoft/converter/ConverterContext; @ 30 c2
Event: 1279.088 Thread 0x000001c4714cec10 DEOPT PACKING pc=0x000001c41048bbc8 sp=0x0000007e06ffc880
Event: 1279.088 Thread 0x000001c4714cec10 DEOPT UNPACKING pc=0x000001c40eec69a3 sp=0x0000007e06ffc848 mode 2
Event: 1279.269 Thread 0x000001c4714cec10 Uncommon trap: trap_request=0xffffff3d fr.pc=0x000001c40fe32404 relative=0x0000000000000944
Event: 1279.269 Thread 0x000001c4714cec10 Uncommon trap: reason=unstable_fused_if action=reinterpret pc=0x000001c40fe32404 method=javax.swing.text.html.parser.Parser.parseContent()V @ 175 c2
Event: 1279.269 Thread 0x000001c4714cec10 DEOPT PACKING pc=0x000001c40fe32404 sp=0x0000007e06ffd040
Event: 1279.269 Thread 0x000001c4714cec10 DEOPT UNPACKING pc=0x000001c40eec69a3 sp=0x0000007e06ffcff8 mode 2
Event: 1279.379 Thread 0x000001c4714cec10 Uncommon trap: trap_request=0xffffff45 fr.pc=0x000001c41028876c relative=0x0000000000000d4c
Event: 1279.379 Thread 0x000001c4714cec10 Uncommon trap: reason=unstable_if action=reinterpret pc=0x000001c41028876c method=sun.font.FileFontStrike.getSlot0GlyphImagePtrs([I[JI)I @ 37 c2
Event: 1279.379 Thread 0x000001c4714cec10 DEOPT PACKING pc=0x000001c41028876c sp=0x0000007e06ffc6e0
Event: 1279.379 Thread 0x000001c4714cec10 DEOPT UNPACKING pc=0x000001c40eec69a3 sp=0x0000007e06ffc5a0 mode 2
Event: 1279.471 Thread 0x000001c445b6f450 DEOPT PACKING pc=0x000001c407a3b147 sp=0x0000007e241fed30
Event: 1279.471 Thread 0x000001c445b6f450 DEOPT UNPACKING pc=0x000001c40eec7143 sp=0x0000007e241fe2c8 mode 0

Classes unloaded (0 events):
No events

Classes redefined (0 events):
No events

Internal exceptions (20 events):
Event: 1148.785 Thread 0x000001c4714cec10 Exception <a 'de/concept/nlview/NlviewException'{0x00000007207900f0}> (0x00000007207900f0) 
thrown [s\src\hotspot\share\prims\jni.cpp, line 516]
Event: 1148.785 Thread 0x000001c4714cec10 Exception <a 'de/concept/nlview/NlviewException'{0x0000000720790b38}> (0x0000000720790b38) 
thrown [s\src\hotspot\share\prims\jni.cpp, line 516]
Event: 1148.785 Thread 0x000001c4714cec10 Exception <a 'de/concept/nlview/NlviewException'{0x0000000720791580}> (0x0000000720791580) 
thrown [s\src\hotspot\share\prims\jni.cpp, line 516]
Event: 1148.785 Thread 0x000001c4714cec10 Exception <a 'de/concept/nlview/NlviewException'{0x0000000720791fc8}> (0x0000000720791fc8) 
thrown [s\src\hotspot\share\prims\jni.cpp, line 516]
Event: 1148.785 Thread 0x000001c4714cec10 Exception <a 'de/concept/nlview/NlviewException'{0x0000000720792a10}> (0x0000000720792a10) 
thrown [s\src\hotspot\share\prims\jni.cpp, line 516]
Event: 1148.785 Thread 0x000001c4714cec10 Exception <a 'de/concept/nlview/NlviewException'{0x0000000720793458}> (0x0000000720793458) 
thrown [s\src\hotspot\share\prims\jni.cpp, line 516]
Event: 1148.790 Thread 0x000001c4714cec10 Exception <a 'de/concept/nlview/NlviewException'{0x00000007207d6a78}> (0x00000007207d6a78) 
thrown [s\src\hotspot\share\prims\jni.cpp, line 516]
Event: 1148.790 Thread 0x000001c4714cec10 Exception <a 'de/concept/nlview/NlviewException'{0x00000007207d71e0}> (0x00000007207d71e0) 
thrown [s\src\hotspot\share\prims\jni.cpp, line 516]
Event: 1203.747 Thread 0x000001c4714cec10 Implicit null exception at 0x000001c4103dfbb8 to 0x000001c4103e04ac
Event: 1233.147 Thread 0x000001c4714cec10 Exception <a 'java/lang/NoSuchMethodError'{0x000000071e280898}: 'void java.lang.invoke.DirectMethodHandle$Holder.invokeSpecial(java.lang.Object, java.lang.Object, java.lang.Object, java.lang.Object, java.lang.Object)'> (0x000000071e280898) 
thrown [s\src\hotspot\share\interpreter\linkResolver.cpp, line 759]
Event: 1233.249 Thread 0x000001c4714cec10 Implicit null exception at 0x000001c4106fe333 to 0x000001c4106fe58c
Event: 1276.917 Thread 0x000001c4714cec10 Exception <a 'java/lang/NoSuchMethodError'{0x000000071e8705d8}: 'java.lang.Object java.lang.invoke.DirectMethodHandle$Holder.invokeSpecial(java.lang.Object, java.lang.Object, java.lang.Object, int, java.lang.Object, java.lang.Object)'> (0x000000071e8705d8) 
thrown [s\src\hotspot\share\interpreter\linkResolver.cpp, line 759]
Event: 1276.917 Thread 0x000001c4714cec10 Exception <a 'java/lang/NoSuchMethodError'{0x000000071e874368}: 'java.lang.Object java.lang.invoke.Invokers$Holder.linkToTargetMethod(java.lang.Object, int, java.lang.Object, java.lang.Object, java.lang.Object)'> (0x000000071e874368) 
thrown [s\src\hotspot\share\interpreter\linkResolver.cpp, line 759]
Event: 1279.001 Thread 0x000001c4714cec10 Implicit null exception at 0x000001c41048a1c8 to 0x000001c41048a8b0
Event: 1279.001 Thread 0x000001c4714cec10 Implicit null exception at 0x000001c410489554 to 0x000001c410489690
Event: 1279.072 Thread 0x000001c4714cec10 Exception <a 'java/io/FileNotFoundException'{0x0000000720ab3c78}> (0x0000000720ab3c78) 
thrown [s\src\hotspot\share\prims\jni.cpp, line 516]
Event: 1279.073 Thread 0x000001c4714cec10 Exception <a 'java/io/FileNotFoundException'{0x0000000720ab95a0}> (0x0000000720ab95a0) 
thrown [s\src\hotspot\share\prims\jni.cpp, line 516]
Event: 1279.073 Thread 0x000001c4714cec10 Implicit null exception at 0x000001c4107666f3 to 0x000001c4107667bf
Event: 1279.080 Thread 0x000001c4714cec10 Implicit null exception at 0x000001c40faf4309 to 0x000001c40faf4454
Event: 1279.080 Thread 0x000001c4714cec10 Implicit null exception at 0x000001c4104d0d73 to 0x000001c4104d0e4c

VM Operations (20 events):
Event: 1273.138 Executing VM operation: Cleanup
Event: 1273.139 Executing VM operation: Cleanup done
Event: 1274.139 Executing VM operation: Cleanup
Event: 1274.140 Executing VM operation: Cleanup done
Event: 1275.140 Executing VM operation: Cleanup
Event: 1275.140 Executing VM operation: Cleanup done
Event: 1275.761 Executing VM operation: G1CollectForAllocation
Event: 1275.766 Executing VM operation: G1CollectForAllocation done
Event: 1276.312 Executing VM operation: HandshakeAllThreads
Event: 1276.312 Executing VM operation: HandshakeAllThreads done
Event: 1276.355 Executing VM operation: ICBufferFull
Event: 1276.355 Executing VM operation: ICBufferFull done
Event: 1278.356 Executing VM operation: Cleanup
Event: 1278.356 Executing VM operation: Cleanup done
Event: 1278.871 Executing VM operation: HandshakeAllThreads
Event: 1278.871 Executing VM operation: HandshakeAllThreads done
Event: 1278.884 Executing VM operation: G1CollectForAllocation
Event: 1278.890 Executing VM operation: G1CollectForAllocation done
Event: 1278.966 Executing VM operation: HandshakeAllThreads
Event: 1278.966 Executing VM operation: HandshakeAllThreads done

Events (20 events):
Event: 1278.988 Thread 0x000001c47b3de5a0 flushing nmethod 0x000001c409d64690
Event: 1278.988 Thread 0x000001c47b3de5a0 flushing nmethod 0x000001c409d64a90
Event: 1278.988 Thread 0x000001c47b3de5a0 flushing nmethod 0x000001c409d72110
Event: 1278.988 Thread 0x000001c47b3de5a0 flushing nmethod 0x000001c409d72590
Event: 1278.988 Thread 0x000001c47b3de5a0 flushing nmethod 0x000001c409d73210
Event: 1278.988 Thread 0x000001c47b3de5a0 flushing nmethod 0x000001c409d74e90
Event: 1278.988 Thread 0x000001c47b3de5a0 flushing nmethod 0x000001c409d78190
Event: 1278.988 Thread 0x000001c47b3de5a0 flushing nmethod 0x000001c409d8a990
Event: 1278.988 Thread 0x000001c47b3de5a0 flushing nmethod 0x000001c409d98690
Event: 1279.046 Thread 0x000001c446187c40 Thread added: 0x000001c446187c40
Event: 1279.072 Thread 0x000001c445b616f0 Thread added: 0x000001c445b616f0
Event: 1279.072 Thread 0x000001c445b6fdf0 Thread added: 0x000001c445b6fdf0
Event: 1279.093 Thread 0x000001c446186d10 Thread added: 0x000001c446186d10
Event: 1279.237 Thread 0x000001c446187c40 Thread exited: 0x000001c446187c40
Event: 1279.260 Thread 0x000001c44618b3f0 Thread added: 0x000001c44618b3f0
Event: 1279.459 Thread 0x000001c445b70790 Thread added: 0x000001c445b70790
Event: 1279.460 Thread 0x000001c445b6cdd0 Thread added: 0x000001c445b6cdd0
Event: 1279.460 Thread 0x000001c445b6f450 Thread added: 0x000001c445b6f450
Event: 1279.469 Thread 0x000001c445b70790 Thread exited: 0x000001c445b70790
Event: 1279.475 Thread 0x000001c445b6cdd0 Thread exited: 0x000001c445b6cdd0


Dynamic libraries:
0x00007ff7921e0000 - 0x00007ff792211000 	D:\Xilinx\Vivado\2023.2\bin\unwrapped\win64.o\vivado.exe
0x00007ffcc97f0000 - 0x00007ffcc9a08000 	C:\Windows\SYSTEM32\ntdll.dll
0x00007ffcc7be0000 - 0x00007ffcc7ca4000 	C:\Windows\System32\KERNEL32.DLL
0x00007ffcc6ce0000 - 0x00007ffcc70b3000 	C:\Windows\System32\KERNELBASE.dll
0x00007ffcc6a20000 - 0x00007ffcc6b31000 	C:\Windows\System32\ucrtbase.dll
0x00007ffc975c0000 - 0x00007ffc97649000 	C:\Windows\SYSTEM32\MSVCP140.dll
0x00007ffc99340000 - 0x00007ffc9935e000 	C:\Windows\SYSTEM32\VCRUNTIME140.dll
0x00007ffc9beb0000 - 0x00007ffc9bebc000 	C:\Windows\SYSTEM32\VCRUNTIME140_1.dll
0x00007ffc90120000 - 0x00007ffc9013c000 	D:\Xilinx\Vivado\2023.2\lib\win64.o\librdi_commonmain.dll
0x00007ffc59200000 - 0x00007ffc59221000 	D:\Xilinx\Vivado\2023.2\lib\win64.o\libboost_filesystem.dll
0x00007ffcc96f0000 - 0x00007ffcc97a1000 	C:\Windows\System32\ADVAPI32.dll
0x00007ffcc77a0000 - 0x00007ffcc7847000 	C:\Windows\System32\msvcrt.dll
0x00007ffcc8e50000 - 0x00007ffcc8ef8000 	C:\Windows\System32\sechost.dll
0x00007ffcc6cb0000 - 0x00007ffcc6cd8000 	C:\Windows\System32\bcrypt.dll
0x00007ffcc8d30000 - 0x00007ffcc8e48000 	C:\Windows\System32\RPCRT4.dll
0x00007ffbd5ae0000 - 0x00007ffbd5f10000 	D:\Xilinx\Vivado\2023.2\lib\win64.o\python38.dll
0x00007ffcc9410000 - 0x00007ffcc9479000 	C:\Windows\System32\SHLWAPI.dll
0x00007ffcc7b60000 - 0x00007ffcc7bd1000 	C:\Windows\System32\WS2_32.dll
0x00007ffcbf520000 - 0x00007ffcbf529000 	D:\Xilinx\Vivado\2023.2\lib\win64.o\librdi_commonversion.dll
0x00000000507f0000 - 0x000000005091c000 	D:\Xilinx\Vivado\2023.2\lib\win64.o\tcl85t.dll
0x00007ffcc8220000 - 0x00007ffcc83d2000 	C:\Windows\System32\USER32.dll
0x00007ffcc72c0000 - 0x00007ffcc72e6000 	C:\Windows\System32\win32u.dll
0x00007ffcc7620000 - 0x00007ffcc7649000 	C:\Windows\System32\GDI32.dll
0x00007ffcc72f0000 - 0x00007ffcc740b000 	C:\Windows\System32\gdi32full.dll
0x00007ffcc6980000 - 0x00007ffcc6a1a000 	C:\Windows\System32\msvcp_win.dll
0x00007ffcbf700000 - 0x00007ffcbf70a000 	C:\Windows\SYSTEM32\VERSION.dll
0x00007ffbd4ee0000 - 0x00007ffbd5096000 	D:\Xilinx\Vivado\2023.2\lib\win64.o\librdi_commonxillic.dll
0x00007ffbd3bb0000 - 0x00007ffbd3edd000 	D:\Xilinx\Vivado\2023.2\lib\win64.o\libXil_lmgr11.dll
0x00007ffcc7510000 - 0x00007ffcc7613000 	C:\Windows\System32\COMDLG32.dll
0x00007ffcc7e70000 - 0x00007ffcc8201000 	C:\Windows\System32\combase.dll
0x00007ffcc7a50000 - 0x00007ffcc7b54000 	C:\Windows\System32\shcore.dll
0x00007ffcc8440000 - 0x00007ffcc8cdc000 	C:\Windows\System32\SHELL32.dll
0x00007ffcc7180000 - 0x00007ffcc72bf000 	C:\Windows\System32\wintypes.dll
0x00007ffcc76c0000 - 0x00007ffcc7798000 	C:\Windows\System32\OLEAUT32.dll
0x00007ffcc7cc0000 - 0x00007ffcc7e61000 	C:\Windows\System32\ole32.dll
0x00007ffcc6900000 - 0x00007ffcc697c000 	C:\Windows\System32\WINTRUST.dll
0x00007ffcc6b40000 - 0x00007ffcc6ca8000 	C:\Windows\System32\CRYPT32.dll
0x00007ffbd53a0000 - 0x00007ffbd54b4000 	D:\Xilinx\Vivado\2023.2\lib\win64.o\libboost_regex.dll
0x00007ffbcfc90000 - 0x00007ffbd0cb4600 	D:\Xilinx\Vivado\2023.2\lib\win64.o\libisl_iostreams.dll
0x00007ffcb9280000 - 0x00007ffcb9299000 	C:\Windows\SYSTEM32\NETAPI32.dll
0x00007ffcb9e10000 - 0x00007ffcb9ec3000 	C:\Windows\WinSxS\amd64_microsoft.windows.common-controls_6595b64144ccf1df_5.82.22621.5983_none_b43eefe36389d177\COMCTL32.dll
0x00007ffc98110000 - 0x00007ffc98119000 	C:\Windows\SYSTEM32\WSOCK32.dll
0x00007ffcc00c0000 - 0x00007ffcc00df000 	C:\Windows\SYSTEM32\dhcpcsvc.DLL
0x00007ffcc5ef0000 - 0x00007ffcc5f18000 	C:\Windows\SYSTEM32\USERENV.dll
0x00007ffc77420000 - 0x00007ffc77431000 	D:\Xilinx\Vivado\2023.2\lib\win64.o\libboost_date_time.dll
0x00007ffc591e0000 - 0x00007ffc591f8000 	D:\Xilinx\Vivado\2023.2\lib\win64.o\libboost_iostreams.dll
0x00007ffbc52b0000 - 0x00007ffbc695a000 	D:\Xilinx\Vivado\2023.2\lib\win64.o\librdi_common.dll
0x00007ffc591c0000 - 0x00007ffc591dc000 	D:\Xilinx\Vivado\2023.2\lib\win64.o\libboost_thread.dll
0x00007ffc35d10000 - 0x00007ffc35d31000 	D:\Xilinx\Vivado\2023.2\lib\win64.o\librdizlib.dll
0x00007ffc33fa0000 - 0x00007ffc33fc4000 	D:\Xilinx\Vivado\2023.2\lib\win64.o\libisl_iosutils.dll
0x00007ffbefb90000 - 0x00007ffbefc09000 	D:\Xilinx\Vivado\2023.2\lib\win64.o\libboost_program_options.dll
0x00007ffbd3840000 - 0x00007ffbd3bae000 	D:\Xilinx\Vivado\2023.2\lib\win64.o\libCOIN-all.dll
0x00007ffc98c90000 - 0x00007ffc98c9c000 	D:\Xilinx\Vivado\2023.2\lib\win64.o\libboost_xilinx.dll
0x00007ffbd5a50000 - 0x00007ffbd5ad2000 	D:\Xilinx\Vivado\2023.2\lib\win64.o\libhdlpsolve.dll
0x00007ffc2f450000 - 0x00007ffc2f47a000 	D:\Xilinx\Vivado\2023.2\lib\win64.o\libisl_sysinfo.dll
0x00007ffc591a0000 - 0x00007ffc591ba000 	D:\Xilinx\Vivado\2023.2\lib\win64.o\pthreadVC2.dll
0x00007ffbefb20000 - 0x00007ffbefb85000 	D:\Xilinx\Vivado\2023.2\lib\win64.o\liblmx6.0.dll
0x00007ffca7eb0000 - 0x00007ffca83ae000 	C:\Windows\SYSTEM32\WININET.dll
0x00007ffcc08a0000 - 0x00007ffcc09cc000 	C:\Windows\SYSTEM32\WINHTTP.dll
0x00007ffc33f80000 - 0x00007ffc33f9c000 	D:\Xilinx\Vivado\2023.2\lib\win64.o\librdiconfig.dll
0x00007ffca3550000 - 0x00007ffca3745000 	C:\Windows\SYSTEM32\urlmon.dll
0x00007ffc2f3f0000 - 0x00007ffc2f420000 	C:\Windows\SYSTEM32\VCOMP140.DLL
0x00007ffcb0820000 - 0x00007ffcb0adf000 	C:\Windows\SYSTEM32\iertutil.dll
0x00007ffcbadf0000 - 0x00007ffcbae18000 	C:\Windows\SYSTEM32\srvcli.dll
0x00007ffcc5330000 - 0x00007ffcc533c000 	C:\Windows\SYSTEM32\netutils.dll
0x00007ffcc47c0000 - 0x00007ffcc50da000 	C:\Windows\SYSTEM32\windows.storage.dll
0x00007ffbd4e30000 - 0x00007ffbd4ed5000 	D:\Xilinx\Vivado\2023.2\lib\win64.o\libhdxml.dll
0x00007ffbc3390000 - 0x00007ffbc52a7000 	D:\Xilinx\Vivado\2023.2\lib\win64.o\gurobi90.dll
0x00007ffcc7650000 - 0x00007ffcc76b1000 	C:\Windows\System32\WLDAP32.dll
0x00007ffcc83e0000 - 0x00007ffcc83e8000 	C:\Windows\System32\Normaliz.dll
0x00007ffbcf9c0000 - 0x00007ffbcfc81000 	D:\Xilinx\Vivado\2023.2\lib\win64.o\xerces-c_3_2.dll
0x00007ffcc5e50000 - 0x00007ffcc5eb9000 	C:\Windows\SYSTEM32\MSWSOCK.DLL
0x00007ffcc7850000 - 0x00007ffcc7881000 	C:\Windows\System32\IMM32.DLL
0x00007ffcc65a0000 - 0x00007ffcc65b2000 	C:\Windows\SYSTEM32\MSASN1.dll
0x00007ffcc60f0000 - 0x00007ffcc610b000 	C:\Windows\SYSTEM32\CRYPTSP.dll
0x00007ffcc5910000 - 0x00007ffcc5947000 	C:\Windows\system32\rsaenh.dll
0x00007ffcc6050000 - 0x00007ffcc605c000 	C:\Windows\SYSTEM32\CRYPTBASE.dll
0x00007ffcc7410000 - 0x00007ffcc748b000 	C:\Windows\System32\bcryptPrimitives.dll
0x00007ffcc8420000 - 0x00007ffcc843f000 	C:\Windows\System32\imagehlp.dll
0x00007ffcc58f0000 - 0x00007ffcc5908000 	C:\Windows\SYSTEM32\kernel.appcore.dll
0x00007ffbc2e40000 - 0x00007ffbc338d000 	D:\Xilinx\Vivado\2023.2\lib\win64.o\librdi_commontasks.dll
0x00007ffbc2b10000 - 0x00007ffbc2e3b800 	D:\Xilinx\Vivado\2023.2\lib\win64.o\librdi_sio.dll
0x00007ffcc53b0000 - 0x00007ffcc53dd000 	C:\Windows\SYSTEM32\IPHLPAPI.DLL
0x00007ffbc1ec0000 - 0x00007ffbc2b08000 	D:\Xilinx\Vivado\2023.2\tps\win64\jre17.0.7_7\bin\server\jvm.dll
0x00007ffcc1b80000 - 0x00007ffcc1bb4000 	C:\Windows\SYSTEM32\WINMM.dll
0x00007ffcc5ec0000 - 0x00007ffcc5ee6000 	C:\Windows\SYSTEM32\gpapi.dll
0x00007ffcbf480000 - 0x00007ffcbf4b2000 	C:\Windows\System32\cryptnet.dll
0x00007ffcc6830000 - 0x00007ffcc6855000 	C:\Windows\SYSTEM32\profapi.dll
0x00007ffcc39d0000 - 0x00007ffcc39dd000 	C:\Windows\SYSTEM32\WINNSI.DLL
0x00007ffcc8210000 - 0x00007ffcc8219000 	C:\Windows\System32\NSI.dll
0x00007ffcc5bf0000 - 0x00007ffcc5c33000 	C:\Windows\SYSTEM32\SspiCli.dll
0x00007ffc5a9b0000 - 0x00007ffc5a9c7000 	C:\Windows\system32\napinsp.dll
0x00007ffc58de0000 - 0x00007ffc58dfb000 	C:\Windows\system32\pnrpnsp.dll
0x00007ffcc53e0000 - 0x00007ffcc54d8000 	C:\Windows\SYSTEM32\DNSAPI.dll
0x00007ffc55c40000 - 0x00007ffc55c51000 	C:\Windows\System32\winrnr.dll
0x00007ffca3df0000 - 0x00007ffca3e05000 	C:\Windows\system32\wshbth.dll
0x00007ffc81de0000 - 0x00007ffc81e01000 	C:\Windows\system32\nlansp_c.dll
0x0000000053800000 - 0x0000000053826000 	C:\Program Files\Bonjour\mdnsNSP.dll
0x0000000063560000 - 0x0000000063569000 	C:\Program Files\National Instruments\Shared\mDNS Responder\nimdnsNSP.dll
0x0000000063550000 - 0x000000006355e000 	C:\Windows\SYSTEM32\nimdnsResponder.dll
0x0000000053750000 - 0x00000000537f3000 	C:\Windows\WinSxS\amd64_microsoft.vc90.crt_1fc8b3b9a1e18e3b_9.0.30729.9635_none_08e2c157a83ed5da\MSVCR90.dll
0x00007ffbbf0f0000 - 0x00007ffbc1eb6000 	D:\Xilinx\Vivado\2023.2\lib\win64.o\librdi_tcltasks.dll
0x00007ffbd5fd0000 - 0x00007ffbd6053000 	D:\Xilinx\Vivado\2023.2\lib\win64.o\librdi_boarddep.dll
0x00007ffbbec00000 - 0x00007ffbbf0e1000 	D:\Xilinx\Vivado\2023.2\lib\win64.o\librdi_bitstream.dll
0x00007ffbbea00000 - 0x00007ffbbec00000 	D:\Xilinx\Vivado\2023.2\lib\win64.o\librdi_board.dll
0x00007ffbd4010000 - 0x00007ffbd413a000 	D:\Xilinx\Vivado\2023.2\lib\win64.o\librdi_chipscope.dll
0x00007ffbbe7f0000 - 0x00007ffbbe9f7000 	D:\Xilinx\Vivado\2023.2\lib\win64.o\librdi_chipscopeimpl.dll
0x00007ffbd1320000 - 0x00007ffbd148e000 	D:\Xilinx\Vivado\2023.2\lib\win64.o\librdi_containers.dll
0x00007ffbbc9e0000 - 0x00007ffbbe7e7000 	D:\Xilinx\Vivado\2023.2\lib\win64.o\librdi_designutils.dll
0x00007ffbbc640000 - 0x00007ffbbc9df000 	D:\Xilinx\Vivado\2023.2\lib\win64.o\librdi_dlyest.dll
0x00007ffbb9f40000 - 0x00007ffbbc635000 	D:\Xilinx\Vivado\2023.2\lib\win64.o\librdi_constraints.dll
0x00007ffbd5f10000 - 0x00007ffbd5fc4000 	D:\Xilinx\Vivado\2023.2\lib\win64.o\librdi_dsp.dll
0x00007ffbb7800000 - 0x00007ffbb9f36000 	D:\Xilinx\Vivado\2023.2\lib\win64.o\librdi_coregen.dll
0x00007ffbb61f0000 - 0x00007ffbb77f3000 	D:\Xilinx\Vivado\2023.2\lib\win64.o\librdi_device.dll
0x00007ffbb5ab0000 - 0x00007ffbb61e6000 	D:\Xilinx\Vivado\2023.2\lib\win64.o\librdi_drc.dll
0x00007ffbb57c0000 - 0x00007ffbb5aa4000 	D:\Xilinx\Vivado\2023.2\lib\win64.o\librdi_hip_devdesign.dll
0x00007ffbd4dc0000 - 0x00007ffbd4e2b000 	D:\Xilinx\Vivado\2023.2\lib\win64.o\librdi_hdf.dll
0x00007ffbcf870000 - 0x00007ffbcf9b8000 	D:\Xilinx\Vivado\2023.2\lib\win64.o\librdi_hip_perf_analysis.dll
0x00007ffbb4910000 - 0x00007ffbb57c0000 	D:\Xilinx\Vivado\2023.2\lib\win64.o\librdi_ippcw.dll
0x00007ffbb4070000 - 0x00007ffbb490a000 	D:\Xilinx\Vivado\2023.2\lib\win64.o\librdi_lopt.dll
0x00007ffbb2f20000 - 0x00007ffbb4063000 	D:\Xilinx\Vivado\2023.2\lib\win64.o\librdi_implflow.dll
0x00007ffbd3f90000 - 0x00007ffbd400d000 	D:\Xilinx\Vivado\2023.2\lib\win64.o\librdi_memoryarray.dll
0x00007ffbb28c0000 - 0x00007ffbb2f16000 	D:\Xilinx\Vivado\2023.2\lib\win64.o\librdi_memdata.dll
0x00007ffbb2100000 - 0x00007ffbb28bf000 	D:\Xilinx\Vivado\2023.2\lib\win64.o\librdi_filemgmt.dll
0x00007ffbd37c0000 - 0x00007ffbd3832000 	D:\Xilinx\Vivado\2023.2\lib\win64.o\librdi_noc_frameworks.dll
0x00007ffbaf6b0000 - 0x00007ffbb20f1000 	D:\Xilinx\Vivado\2023.2\lib\win64.o\librdi_mig.dll
0x00007ffbaeea0000 - 0x00007ffbaf6a4000 	D:\Xilinx\Vivado\2023.2\lib\win64.o\librdi_netlist.dll
0x00007ffbd3760000 - 0x00007ffbd37bc000 	D:\Xilinx\Vivado\2023.2\lib\win64.o\librdi_pfi.dll

dbghelp: loaded successfully - version: 4.0.5 - missing functions: none
symbol engine: initialized successfully - sym options: 0x614 - pdb path: .;D:\Xilinx\Vivado\2023.2\bin\unwrapped\win64.o;C:\Windows\SYSTEM32;D:\Xilinx\Vivado\2023.2\lib\win64.o;C:\Windows\WinSxS\amd64_microsoft.windows.common-controls_6595b64144ccf1df_5.82.22621.5983_none_b43eefe36389d177;D:\Xilinx\Vivado\2023.2\tps\win64\jre17.0.7_7\bin\server;C:\Program Files\Bonjour;C:\Program Files\National Instruments\Shared\mDNS Responder;C:\Windows\WinSxS\amd64_microsoft.vc90.crt_1fc8b3b9a1e18e3b_9.0.30729.9635_none_08e2c157a83ed5da;D:\Xilinx\Vivado\2023.2\tps\win64\jre17.0.7_7\bin;C:\ProgramData\A-Volute\A-Volute.Nahimic\Modules\Scheduled\x64;C:\Windows\WinSxS\amd64_microsoft.windows.common-controls_6595b64144ccf1df_6.0.22621.6060_none_2712eda17382d24b;C:\Windows\WinSxS\amd64_microsoft.windows.gdiplus_6595b64144ccf1df_1.1.22621.6133_none_57fa9b2cce184d48

VM Arguments:
jvm_args: -Dsun.java2d.pmoffscreen=false -Dhttps.protocols=TLSv1,TLSv1.1,TLSv1.2 -Dsun.java2d.xrender=false -Dsun.java2d.d3d=false -Dsun.awt.nopixfmt=true -Dsun.java2d.dpiaware=true -Dsun.java2d.uiScale.enabled=false -Dswing.aatext=true -XX:-UsePerfData -Djdk.map.althashing.threshold=512 -XX:StringTableSize=4072 -XX:+UseStringDeduplication -XX:MaxGCPauseMillis=200 -XX:+ParallelRefProcEnabled --add-opens=java.desktop/javax.swing.plaf.synth=ALL-UNNAMED --add-opens=java.base/java.nio=ALL-UNNAMED --add-opens=java.desktop/sun.swing=ALL-UNNAMED --add-opens=java.desktop/javax.swing=ALL-UNNAMED --add-opens=java.desktop/javax.swing.tree=ALL-UNNAMED --add-opens=java.desktop/javax.swing.plaf.basic=ALL-UNNAMED --add-opens=java.desktop/javax.swing.plaf.synth=ALL-UNNAMED --add-opens=java.desktop/javax.swing.plaf.basic=ALL-UNNAMED --add-opens=java.desktop/javax.swing=ALL-UNNAMED --add-opens=java.desktop/javax.swing.tree=ALL-UNNAMED --add-opens=java.desktop/java.awt.event=ALL-UNNAMED --add-exports=java.desktop/javax.swing.plaf.synth=ALL-UNNAMED --add-exports=java.base/java.nio=ALL-UNNAMED --add-exports=java.desktop/sun.swing=ALL-UNNAMED --add-exports=java.desktop/javax.swing=ALL-UNNAMED --add-exports=java.desktop/javax.swing.tree=ALL-UNNAMED --add-exports=java.desktop/javax.swing.plaf.basic=ALL-UNNAMED --add-exports=java.desktop/sun.swing=ALL-UNNAMED --add-exports=java.desktop/sun.swing.table=ALL-UNNAMED --add-exports=java.desktop/sun.swing.plaf.synth=ALL-UNNAMED --add-exports=java.desktop/sun.awt.shell=ALL-UNNAMED --add-exports=java.base/sun.security.action=ALL-UNNAMED --add-exports=java.desktop/sun.font=ALL-UNNAMED -XX:NewSize=80m -XX:MaxNewSize=80m -Xms512m -Xmx4072m -Xss10m 
java_command: <unknown>
java_class_path (initial): D:/Xilinx/Vivado/2023.2\lib\classes\alloy.jar;D:/Xilinx/Vivado/2023.2\lib\classes\asm-9.3.jar;D:/Xilinx/Vivado/2023.2\lib\classes\asm-analysis-9.3.jar;D:/Xilinx/Vivado/2023.2\lib\classes\asm-commons-9.3.jar;D:/Xilinx/Vivado/2023.2\lib\classes\asm-tree-9.3.jar;D:/Xilinx/Vivado/2023.2\lib\classes\autoesl-models.jar;D:/Xilinx/Vivado/2023.2\lib\classes\batik-anim.jar;D:/Xilinx/Vivado/2023.2\lib\classes\batik-awt-util.jar;D:/Xilinx/Vivado/2023.2\lib\classes\batik-bridge.jar;D:/Xilinx/Vivado/2023.2\lib\classes\batik-codec.jar;D:/Xilinx/Vivado/2023.2\lib\classes\batik-constants.jar;D:/Xilinx/Vivado/2023.2\lib\classes\batik-css.jar;D:/Xilinx/Vivado/2023.2\lib\classes\batik-dom.jar;D:/Xilinx/Vivado/2023.2\lib\classes\batik-ext.jar;D:/Xilinx/Vivado/2023.2\lib\classes\batik-gui-util.jar;D:/Xilinx/Vivado/2023.2\lib\classes\batik-gvt.jar;D:/Xilinx/Vivado/2023.2\lib\classes\batik-i18n.jar;D:/Xilinx/Vivado/2023.2\lib\classes\batik-parser.jar;D:/Xilinx/Vivado/2023.2\lib\classes\batik-script.jar;D:/Xilinx/Vivado/2023.2\lib\classes\batik-svg-dom.jar;D:/Xilinx/Vivado/2023.2\lib\classes\batik-svggen.jar;D:/Xilinx/Vivado/2023.2\lib\classes\batik-swing.jar;D:/Xilinx/Vivado/2023.2\lib\classes\batik-transcoder.jar;D:/Xilinx/Vivado/2023.2\lib\classes\batik-util.jar;D:/Xilinx/Vivado/2023.2\lib\classes\batik-xml.jar;D:/Xilinx/Vivado/2023.2\lib\classes\com.fasterxml.jackson.core.jackson-annotations_2.12.1.v20210128-1726.jar;D:/Xilinx/Vivado/2023.2\lib\classes\com.fasterxml.jackson.core.jackson-core_2.12.1.v20210128-1726.jar;D:/Xilinx/Vivado/2023.2\lib\classes\com.fasterxml.jackson.core.jackson-databind_2.12.1.v20210128-1726.jar;D:/Xilinx/Vivado/2023.2\lib\classes\com.google.gson_2.8.9.v20220111-1409.jar;D:/Xilinx/Vivado/2023.2\lib\classes\com.google.guava_30.1.0.v20210127-2300.jar;D:/Xilinx/Vivado/2023.2\lib\classes\com.sigasi.hdt.connection_4.17.2.202304211001.jar;D:/Xilinx/Vivado/2023.2\lib\classes\com.sigasi.hdt.epl_4.17.2.202304211001.jar;D:/Xilinx/Vivado/2023.
Launcher Type: generic

[Global flags]
     intx CICompilerCount                          = 12                                        {product} {ergonomic}
     uint ConcGCThreads                            = 5                                         {product} {ergonomic}
     uint G1ConcRefinementThreads                  = 20                                        {product} {ergonomic}
   size_t G1HeapRegionSize                         = 2097152                                   {product} {ergonomic}
    uintx GCDrainStackTargetSize                   = 64                                        {product} {ergonomic}
   size_t InitialHeapSize                          = 536870912                                 {product} {command line}
   size_t MarkStackSize                            = 4194304                                   {product} {ergonomic}
    uintx MaxGCPauseMillis                         = 200                                       {product} {command line}
   size_t MaxHeapSize                              = 4269801472                                {product} {command line}
   size_t MaxNewSize                               = 83886080                                  {product} {command line}
   size_t MinHeapDeltaBytes                        = 2097152                                   {product} {ergonomic}
   size_t MinHeapSize                              = 536870912                                 {product} {command line}
   size_t NewSize                                  = 83886080                                  {product} {command line}
    uintx NonNMethodCodeHeapSize                   = 7602480                                {pd product} {ergonomic}
    uintx NonProfiledCodeHeapSize                  = 122027880                              {pd product} {ergonomic}
     bool ParallelRefProcEnabled                   = true                                      {product} {command line}
    uintx ProfiledCodeHeapSize                     = 122027880                              {pd product} {ergonomic}
    uintx ReservedCodeCacheSize                    = 251658240                              {pd product} {ergonomic}
     bool SegmentedCodeCache                       = true                                      {product} {ergonomic}
   size_t SoftMaxHeapSize                          = 4269801472                             {manageable} {ergonomic}
    uintx StringTableSize                          = 4072                                      {product} {command line}
     intx ThreadStackSize                          = 10240                                  {pd product} {command line}
     bool UseCompressedClassPointers               = true                           {product lp64_product} {ergonomic}
     bool UseCompressedOops                        = true                           {product lp64_product} {ergonomic}
     bool UseG1GC                                  = true                                      {product} {ergonomic}
     bool UseLargePagesIndividualAllocation        = false                                  {pd product} {ergonomic}
     bool UsePerfData                              = false                                     {product} {command line}
     bool UseStringDeduplication                   = true                                      {product} {command line}

Logging:
Log output configuration:
 #0: stdout all=warning uptime,level,tags
 #1: stderr all=off uptime,level,tags

Environment Variables:
JAVA_HOME=F:\Java\jdk-25.0.2
PATH=D:/Xilinx/Vivado/2023.2/bin;D:/Xilinx/Vivado/2023.2/tps/win64/java-cef-95.0.4638.69/bin/lib/win64;D:/Xilinx/Vivado/2023.2/tps/win64/javafx-sdk-17.0.1/lib;D:/Xilinx/Vivado/2023.2/tps/win64/javafx-sdk-17.0.1/bin;D:/Xilinx/Vivado/2023.2/lib/win64.o;D:/Xilinx/Vivado/2023.2/tps/win64/jre17.0.7_7/bin/server;D:/Xilinx/Vivado/2023.2/tps/win64/jre17.0.7_7/bin;D:/Xilinx/Vivado/2023.2/ids_lite/ISE/bin/nt64;D:/Xilinx/Vivado/2023.2/ids_lite/ISE/lib/nt64;D:/Xilinx/Vitis_HLS/2023.2/bin;C:\Program Files (x86)\Common Files\Oracle\Java\java8path;C:\Program Files (x86)\Common Files\Oracle\Java\javapath;D:\Program Files (x86)\VMware\VMware Workstation\bin\;c:\Users\CCCaiBoYu\AppData\Local\Programs\cursor\resources\app\bin;C:\Windows\system32;C:\Windows;C:\Windows\System32\Wbem;C:\Windows\System32\WindowsPowerShell\v1.0\;C:\Windows\System32\OpenSSH\;D:\calibre\;C:\Program Files\Microsoft SQL Server\Client SDK\ODBC\170\Tools\Binn\;C:\Program Files (x86)\Microsoft SQL Server\150\Tools\Binn\;C:\Program Files\Microsoft SQL Server\150\Tools\Binn\;C:\Program Files\Microsoft SQL Server\150\DTS\Binn\;C:\Program Files (x86)\Windows Kits\8.1\Windows Performance Toolkit\;C:\Program Files (x86)\Windows Kits\10\Windows Performance Toolkit\;C:\Program Files\dotnet\;D:\Program Files (x86)\Latex\texlive\2024\bin\windows;F:\python\python311;F:\anaconda3;F:\anaconda3\Scripts;F:\anaconda3\Library\bin;F:\anaconda3\Library\mingw-w64\bin;C:\Program Files\LLVM\bin\;F:\Program Files\Git\cmd;C:\Use;d:\Program Files\cursor\resources\app\bin;D:\Program Files\MATLAB\R2024a\runtime\win64;D:\Program Files\MATLAB\R2024a\bin;D:\Program Files\PuTTY\;C:\Program Files\NVIDIA Corporation\NVIDIA App\NvDLISR;F:\Java\jdk-25.0.2\bin;F:\Program Files\nodejs\;C:\Program Files\Go\bin;F:\PicDance\NEW-PIC\docs\reference\tools\config_tool_1.32.01_20240415\1.32.01\;C:\Users\CCCaiBoYu\AppData\Local\hermes\hermes-agent\venv\Scripts;C:\Users\CCCaiBoYu\AppData\Local\hermes\bin;C:\Users\CCCaiBoYu\.cargo\bin;D:\Cadence\SPB_16.6\openacce
USERNAME=CCCaiBoYu
OS=Windows_NT
PROCESSOR_IDENTIFIER=Intel64 Family 6 Model 183 Stepping 1, GenuineIntel
TMP=C:\Users\CCCAIB~1\AppData\Local\Temp
TEMP=C:\Users\CCCAIB~1\AppData\Local\Temp



---------------  S Y S T E M  ---------------

OS:
 Windows 11 , 64 bit Build 22621 (10.0.22621.5415)
OS uptime: 0 days 0:25 hours
Hyper-V role detected

CPU: total 28 (initial active 28) (14 cores per cpu, 2 threads per core) family 6 model 183 stepping 1 microcode 0x11f, cx8, cmov, fxsr, ht, mmx, 3dnowpref, sse, sse2, sse3, ssse3, sse4.1, sse4.2, popcnt, lzcnt, tsc, tscinvbit, avx, avx2, aes, erms, clmul, bmi1, bmi2, adx, sha, fma, vzeroupper, clflush, clflushopt, clwb, hv

Memory: 4k page, system-wide physical 16159M (4995M free)
TotalPageFile size 85615M (AvailPageFile size 65949M)
current process WorkingSet (physical memory assigned to process): 482M, peak: 731M
current process commit charge ("private bytes"): 1700M, peak: 1717M

vm_info: OpenJDK 64-Bit Server VM (17.0.7+7) for windows-amd64 JRE (17.0.7+7), built on Apr 18 2023 22:10:42 by "temurin" with MS VC++ 16.7 (VS2019)

END.
